Workbook

Sheet  En tramite 23-26
D1: FECHA DE HOY | F1: =TODAY() -> 46253
A3: No. REGISTRO | B3: CONSECUTIVO | C3: No. CONSTANCIA | D3: NOMBRE | E3: Nombre Minusculas | F3: MATRÍCULA | G3: TELÉFONO | H3: CORREO ESTUDIANTE | I3: GRADO-CARRERA | J3: TURNO | K3: CARRERA | L3: OBSERVACIONES | M3: PROCESO | N3: EMPRESA | O3: SECTOR | P3: NOMBRE DEL PROYECTO | Q3: TEL. EMPRESA | R3: DIRECCIÓN EMPRESA | S3: CORR. EM | T3: GENERACIÓN | U3: H/M | V3: BECADOS | W3: MONTO | X3: S. PRÁC | Y3: S. PRÁC. | Z3: F. INICIO | AA3: DIA | AB3: MES | AC3: AÑO | AD3: C.PRES. | AE3: C.PRES.2 | AF3: F.C.P | AG3: C. ACEP | AH3: C. ACEP. | AI3: F.C.A | AJ3: DIA 3 | AK3: MES4 | AL3: AÑO 5 | AM3: P. TRABJ | AN3: P. TRABJ. | AO3: F. P.TR | AP3: I. INTER | AQ3: I. INTER. | AR3: F.I.I. | AS3: F.L. I.I. | AT3: ESTADO | AU3: INF. FINAL | AV3: INF. FINAL6 | AW3: F.I.FINAL | AX3: ESTADO7 | AY3: R-E-FINAL | AZ3: R-E-FINAL8 | BA3: F.R-E FINAL | BB3: CONS.T | BC3: C.T | BD3: F.C.T | BE3: DIA2 | BF3: MES2 | BG3: AÑO2 | BH3: PROMEDIO | BI3: TIEMPO DEL PROCESO | BJ3: RESUMEN -OBSERVACIONES | BK3: CARPETA | BL3: PASO POR CONSTANCIA | BM3: P.C.
A4: 001 | B4: 001 | C4: PC06/MATUTINO/001/2026 | D4: MAGALLÓN MATA BRENDA | E4: Magallón Mata Brenda | F4: 23422070060 249 | G4: 4427078854 | H4: brendamagallon@cecyteq.edu.mx | I4: 5T0-MECA-BM | J4: VESPERTINO | K4: MECATRÓNICA | L4: CONCLUIDO | M4: EMPRESA | N4: POLYGON TALLER 3D | O4: MICROEMPRESAS | P4: x | Q4: 4427174854 | R4: AV. PIRAMIDEZ DEL CERRITO 1 | S4: polygon3dworkshop@gmail.com | T4: 23-26 | U4: MUJER | V4: 1 | W4: N/A | X4: SI | Y4: 2 | Z4: 46076 | AB4: =TEXT(' En tramite 23-26'!$Z4,"mmmm") -> febrero | AC4: =YEAR(' En tramite 23-26'!$Z4) -> 2026 | AD4: SI | AE4: 2 | AF4: 46076 | AG4: SI | AH4: 2 | AI4: 46076 | AJ4: =DAY(' En tramite 23-26'!$AI4) -> 23 | AK4: =TEXT(' En tramite 23-26'!$AI4,"mmmm") -> febrero | AL4: =YEAR(' En tramite 23-26'!$Z4) -> 2026 | AM4: SI | AN4: 2 | AO4: 46076 | AP4: SI | AQ4: 2 | AR4: 46121 | AS4: =' En tramite 23-26'!$AI4+45 -> 46121 | AT4: ENTREGADO | AU4: SI | AV4: 2 | AW4: =' En tramite 23-26'!$AS4+45 -> 46166 | AX4: ENTREGADO | AY4: SI | AZ4: 2 | BA4: 46167 | BB4: SI | BC4: 2 | BD4: 46167 | BE4: =DAY(' En tramite 23-26'!$BD4) -> 25 | BF4: =TEXT(' En tramite 23-26'!$BD4,"mmmm") -> mayo | BG4: =YEAR(' En tramite 23-26'!$BD4) -> 2026 | BH4: 1 | BI4: 3 meses y 2 días | BJ4: BLOQUE 1 | BK4: P.P.E.C-BLOQUE 1
A5: 002 | B5: 002 | C5: PC06/MATUTINO/002/2026 | D5: MARTÍNEZ IGLESIAS JORGE LUIS | E5: Martínez Iglesias Jorge Luis | F5: 23422070060496 | G5: 4421527871 | H5: jorgemartinez2@cecyteq.edu-mx | I5: 5T0-MECA-BM | J5: VESPERTINO | K5: MECATRÓNICA | L5: CONCLUIDO | M5: CERTIFICACIÓN | N5: CERTIFICACIONES SOLIDWORKS | O5: SECTOR PÚBLICO | P5: CERTIFICACIÓN | Q5: 4423622063 | R5: AV. CANDILES 317., VALLE REAL RECIDENCIAL C.P.76903 CANDILES QRO. | S5: e.armendariz@cecyteq.edu.mx | T5: 23-26 | U5: HOMBRE | V5: 1 | W5: N/A | X5: SI | Y5: 2 | Z5: 45999 | AA5: =DAY(Tabla1[F. INICIO]) -> 8 | AB5: =TEXT(' En tramite 23-26'!$Z5,"mmmm") -> diciembre | AC5: =YEAR(' En tramite 23-26'!$Z5) -> 2025 | AD5: SI | AE5: 2 | AF5: 45999 | AG5: SI | AH5: 2 | AI5: 45999 | AJ5: =DAY(' En tramite 23-26'!$AI5) -> 8 | AK5: =TEXT(' En tramite 23-26'!$AI5,"mmmm") -> diciembre | AL5: =YEAR(' En tramite 23-26'!$Z5) -> 2025 | AM5: SI | AN5: 2 | AO5: 45999 | AP5: SI | AQ5: 2 | AR5: 46044 | AS5: =' En tramite 23-26'!$AI5+45 -> 46044 | AT5: ENTREGADO | AU5: SI | AV5: 2 | AW5: 46378 | AX5: ENTREGADO | AY5: SI | AZ5: 2 | BA5: 46090 | BB5: SI | BC5: 2 | BD5: 46090 | BE5: 9 | BF5: marzo | BG5: =YEAR(' En tramite 23-26'!$BD5) -> 2026 | BH5: 1 | BI5: 3 meses 1 día | BJ5: BLOQUE 1 | BK5: P.P.E.C-BLOQUE 1
A6: 003 | B6: 003 | C6: PC06/MATUTINO/003/2026 | D6: HERNÁNDEZ CÁRDENAS JUAN MANUEL | E6: Hernández Cárdenas Juan Manuel | F6: 23422070060023 | G6: 4425536330 | H6: juanhernadez14@cecyteq.edu.cm | I6: 5T0-BIO-AM | J6: MATUTINO | K6: BIOTECNOLOGÍA | L6: CONCLUIDO | M6: PROYECTO | N6: CECYTEQ-PLANTEL 6 CORREGIDORA. | O6: SECTOR PÚBLICO | P6: PROYECTO DE ELECTRO GERMINACIÓN DE BIZNAGA, BARRIL Y ACITRÓN CON BIOCARBONO | Q6: 4421477291 | R6: AV. CANDILES 317., VALLE REAL RECIDENCIAL C.P.76903 CANDILES QRO. | S6: teresa.r@cecyteq.edu.mx | T6: 23-26 | U6: HOMBRE | V6: 1 | W6: N/A | X6: SI | Y6: 2 | Z6: 45881 | AA6: =DAY(Tabla1[F. INICIO]) -> 12 | AB6: =TEXT(' En tramite 23-26'!$Z6,"mmmm") -> agosto | AC6: =YEAR(' En tramite 23-26'!$Z6) -> 2025 | AD6: SI | AE6: 2 | AF6: 45881 | AG6: SI | AH6: 2 | AI6: 45881 | AJ6: =DAY(' En tramite 23-26'!$AI6) -> 12 | AK6: =TEXT(' En tramite 23-26'!$AI6,"mmmm") -> agosto | AL6: =YEAR(' En tramite 23-26'!$Z6) -> 2025 | AM6: SI | AN6: 2 | AO6: 45881 | AP6: SI | AQ6: 2 | AR6: 45926 | AS6: =' En tramite 23-26'!$AI6+45 -> 45926 | AT6: ENTREGADO | AU6: SI | AV6: 2 | AW6: =' En tramite 23-26'!$AS6+45 -> 45971 | AX6: ENTREGADO | AY6: SI | AZ6: 2 | BA6: 45971 | BB6: SI | BC6: 2 | BD6: 45971 | BE6: =DAY(' En tramite 23-26'!$BD6) -> 10 | BF6: =TEXT(' En tramite 23-26'!$BD6,"mmmm") -> noviembre | BG6: =YEAR(' En tramite 23-26'!$BD6) -> 2025 | BH6: 1 | BI6: 2 meses 29 días | BJ6: BLOQUE 1 | BK6: P.P.E.C-BLOQUE 1 | BL6: 46238 | BM6: 2
A7: 004 | B7: 004 | C7: PC06/MATUTINO/004/2026 | D7: CERVANTES JUÁREZ RICARDO | E7: Cervantes Juárez Ricardo | F7: 23422070060014 | G7: 4421413148 | H7: ricardocervantes14@cecyteq.edu.mx | I7: 5T0-BIO-AM | J7: MATUTINO | K7: BIOTECNOLOGÍA | L7: CONCLUIDO | M7: PROYECTO | N7: CECYTEQ-PLANTEL 6 CORREGIDORA. | O7: SECTOR PÚBLICO | P7: PROYECTO BIONERGYQ | Q7: 4421477291 | R7: AV. CANDILES 317., VALLE REAL RECIDENCIAL C.P.76903 CANDILES QRO. | S7: teresa.r@cecyteq.edu.mx | T7: 23-26 | U7: HOMBRE | V7: 1 | W7: N/A | X7: SI | Y7: 2 | Z7: 45880 | AA7: =DAY(Tabla1[F. INICIO]) -> 11 | AB7: =TEXT(' En tramite 23-26'!$Z7,"mmmm") -> agosto | AC7: =YEAR(' En tramite 23-26'!$Z7) -> 2025 | AD7: SI | AE7: 2 | AF7: 45881 | AG7: SI | AH7: 2 | AI7: 45881 | AJ7: =DAY(' En tramite 23-26'!$AI7) -> 12 | AK7: =TEXT(' En tramite 23-26'!$AI7,"mmmm") -> agosto | AL7: =YEAR(' En tramite 23-26'!$Z7) -> 2025 | AM7: SI | AN7: 2 | AO7: 46246 | AP7: SI | AQ7: 2 | AR7: 45942 | AS7: =' En tramite 23-26'!$AI7+45 -> 45926 | AT7: ENTREGADO | AU7: SI | AV7: 2 | AW7: 46078 | AX7: ENTREGADO | AY7: SI | AZ7: 2 | BA7: 46078 | BB7: SI | BC7: 2 | BD7: 46078 | BE7: =DAY(' En tramite 23-26'!$BD7) -> 25 | BF7: =TEXT(' En tramite 23-26'!$BD7,"mmmm") -> febrero | BG7: =YEAR(' En tramite 23-26'!$BD7) -> 2026 | BH7: 1 | BI7: 6 meses y 13 días | BJ7: BLOQUE 1 | BK7: P.P.E.C-BLOQUE 1
A8: 005 | B8: 005 | C8: PC06/MATUTINO/005/2026 | D8: MARTÍNEZ HERRERA AIXA GABRIELA | E8: Martínez Herrera Aixa Gabriela | F8: 23422070060353 | G8: 4428658663 | H8: aixamartinez2@cecyteq.edu.mx | I8: 5T0-LOG-AM | J8: MATUTINO | K8: LOGÍSTICA | L8: CONCLUIDO | M8: EMPRESA | N8: HIELO GOURMET KOLD | O8: PEQUEÑAS EMPRESAS | P8: x | Q8: 4422852269 | R8: AV. CUAUHTÉMOC 4, SANTA BARBARA, EL PUEBLITO | S8: administracion@kold.mx | T8: 23-26 | U8: MUJER | V8: 1 | W8: N/A | X8: SI | Y8: 2 | Z8: 45904 | AA8: =DAY(Tabla1[F. INICIO]) -> 4 | AB8: =TEXT(' En tramite 23-26'!$Z8,"mmmm") -> septiembre | AC8: =YEAR(' En tramite 23-26'!$Z8) -> 2025 | AD8: SI | AE8: 2 | AF8: 45904 | AG8: SI | AH8: 2 | AI8: 45904 | AJ8: =DAY(' En tramite 23-26'!$AI8) -> 4 | AK8: =TEXT(' En tramite 23-26'!$AI8,"mmmm") -> septiembre | AL8: =YEAR(' En tramite 23-26'!$Z8) -> 2025 | AM8: SI | AN8: 1 | AO8: 45904 | AP8: SI | AQ8: 1 | AR8: 45947 | AS8: =' En tramite 23-26'!$AI8+45 -> 45949 | AT8: ENTREGADO | AU8: SI | AV8: 2 | AW8: =' En tramite 23-26'!$AS8+45 -> 45994 | AX8: ENTREGADO | AY8: SI | AZ8: 2 | BA8: 45992 | BB8: SI | BC8: 2 | BD8: 45992 | BE8: =DAY(' En tramite 23-26'!$BD8) -> 1 | BF8: =TEXT(' En tramite 23-26'!$BD8,"mmmm") -> diciembre | BG8: =YEAR(' En tramite 23-26'!$BD8) -> 2025 | BH8: 1 | BI8: 2 meses 27 días | BJ8: BLOQUE 1 | BK8: P.P.E.C-BLOQUE 1 | BL8: 46211 | BM8: 2
A9: 006 | B9: 006 | C9: PC06/MATUTINO/006/2026 | D9: SÁNCHEZ MACÍAS GLORIA ALEJANDRA | E9: Sánchez Macías Gloria Alejandra | F9: 23422070060516 | G9: 4491041670 | H9: gloriasanchez17@cecyteq.edu.mx | I9: 5T0-PROG-AM | J9: MATUTINO | K9: PROGRAMACIÓN | L9: CONCLUIDO | M9: INSTITUCIÓN | N9: CECYTEQ- DIRECCIÓN GENERAL. | O9: SECTOR PÚBLICO | P9: PROYECTO DESARROLLO WEB | Q9: 4423600100 | R9: LIC. ZACARIAS OÑATE 13., COL. CIMATARIOS | S9: cgalvanb@cecyteq.edu.mx | T9: 23-26 | U9: MUJER | V9: 1 | W9: NA | X9: SI | Y9: 2 | Z9: 46035 | AA9: =DAY(Tabla1[F. INICIO]) -> 13 | AB9: =TEXT(' En tramite 23-26'!$Z9,"mmmm") -> enero | AC9: =YEAR(' En tramite 23-26'!$Z9) -> 2026 | AD9: SI | AE9: 2 | AF9: 46035 | AG9: SI | AH9: 2 | AI9: 46035 | AJ9: =DAY(' En tramite 23-26'!$AI9) -> 13 | AK9: =TEXT(' En tramite 23-26'!$AI9,"mmmm") -> enero | AL9: =YEAR(' En tramite 23-26'!$Z9) -> 2026 | AM9: SI | AN9: 2 | AO9: 46035 | AP9: SI | AQ9: 2 | AR9: 46058 | AS9: =' En tramite 23-26'!$AI9+45 -> 46080 | AT9: ENTREGADO | AU9: SI | AV9: 2 | AW9: =' En tramite 23-26'!$AS9+45 -> 46125 | AX9: ENTREGADO | AY9: SI | AZ9: 2 | BA9: 46125 | BB9: SI | BC9: 2 | BD9: 46125 | BE9: =DAY(' En tramite 23-26'!$BD9) -> 13 | BF9: =TEXT(' En tramite 23-26'!$BD9,"mmmm") -> abril | BG9: =YEAR(' En tramite 23-26'!$BD9) -> 2026 | BH9: 1 | BI9: 3 meses 0 días | BJ9: BLOQUE 1 | BK9: P.P.E.C-BLOQUE 1
A10: 007 | B10: 007 | C10: PC06/MATUTINO/007/2026 | D10: ARROYO CAMACHO GAEL ANTONIO | E10: Arroyo Camacho Gael Antonio | F10: 23422070060378 | G10: 4422993820 | H10: gaelarroyo3@cecyteq.edu.mx | I10: 5T0-PGA-AM | J10: MATUTINO | K10: PROCESOS DE GESTIÓN ADMINISTRATIVA | L10: CONCLUIDO | M10: EMPRESA | N10: MAQYPO INDUSTRIAL | O10: PEQUEÑAS EMPRESAS | P10: x | Q10: 4422100316 | R10: ALDAMA 43, FELIPE CARRILLO PUERTO | S10: maqypo.ind@gmail.com | T10: 23-26 | U10: HOMBRE | V10: 1 | W10: N/A | X10: SI | Y10: 2 | Z10: 45909 | AA10: =DAY(Tabla1[F. INICIO]) -> 9 | AB10: =TEXT(' En tramite 23-26'!$Z10,"mmmm") -> septiembre | AC10: =YEAR(' En tramite 23-26'!$Z10) -> 2025 | AD10: SI | AE10: 2 | AF10: 45909 | AG10: SI | AH10: 2 | AI10: 45909 | AJ10: =DAY(' En tramite 23-26'!$AI10) -> 9 | AK10: =TEXT(' En tramite 23-26'!$AI10,"mmmm") -> septiembre | AL10: =YEAR(' En tramite 23-26'!$Z10) -> 2025 | AM10: SI | AN10: 1 | AO10: 45909 | AP10: SI | AQ10: 1 | AR10: 45954 | AS10: =' En tramite 23-26'!$AI10+45 -> 45954 | AT10: ENTREGADO | AU10: SI | AV10: 2 | AW10: =' En tramite 23-26'!$AS10+45 -> 45999 | AX10: ENTREGADO | AY10: SI | AZ10: 2 | BA10: 46000 | BB10: SI | BC10: 2 | BD10: 46000 | BE10: =DAY(' En tramite 23-26'!$BD10) -> 9 | BF10: =TEXT(' En tramite 23-26'!$BD10,"mmmm") -> diciembre | BG10: =YEAR(' En tramite 23-26'!$BD10) -> 2025 | BH10: 1 | BI10: 4 meses 19 días | BJ10: BLOQUE 1 | BK10: P.P.E.C-BLOQUE 1 | BL10: 46211 | BM10: 2
A11: 008 | B11: 008 | C11: PC06/MATUTINO/008/2026 | D11: RAMOS DE JESÚS KARLA ESMERALDA | E11: Ramos De Jesús Karla Esmeralda | F11: 23422070060514 | G11: 4428257614 | H11: karlaramos28@cecyteq.edu.mx | I11: 5T0-PROG-AM | J11: MATUTINO | K11: PROGRAMACIÓN | L11: CONCLUIDO | M11: PROYECTO | N11: CECYTEQ-PLANTEL 6 CORREGIDORA. | O11: SECTOR PÚBLICO | P11: PROYECTO BASE DE DATOS CLINICA | Q11: 4421561235 | R11: AV. CANDILES 317., VALLE REAL RECIDENCIAL C.P.76903 CANDILES QRO. | S11: yadira.f@cecyteq.edu.mx | T11: 23-26 | U11: MUJER | V11: 1 | W11: N/A | X11: SI | Y11: 2 | Z11: 45901 | AA11: =DAY(Tabla1[F. INICIO]) -> 1 | AB11: =TEXT(' En tramite 23-26'!$Z11,"mmmm") -> septiembre | AC11: =YEAR(' En tramite 23-26'!$Z11) -> 2025 | AD11: SI | AE11: 2 | AF11: 45901 | AG11: SI | AH11: 2 | AI11: 45901 | AJ11: =DAY(' En tramite 23-26'!$AI11) -> 1 | AK11: =TEXT(' En tramite 23-26'!$AI11,"mmmm") -> septiembre | AL11: =YEAR(' En tramite 23-26'!$Z11) -> 2025 | AM11: SI | AN11: 2 | AO11: 45901 | AP11: SI | AQ11: 2 | AR11: 45978 | AS11: =' En tramite 23-26'!$AI11+45 -> 45946 | AT11: ENTREGADO | AU11: SI | AV11: 2 | AW11: 45996 | AX11: ENTREGADO | AY11: SI | AZ11: 2 | BA11: 45996 | BB11: SI | BC11: 2 | BD11: 45996 | BE11: =DAY(' En tramite 23-26'!$BD11) -> 5 | BF11: =TEXT(' En tramite 23-26'!$BD11,"mmmm") -> diciembre | BG11: =YEAR(' En tramite 23-26'!$BD11) -> 2025 | BH11: 1 | BI11: 3 meses 22 días | BJ11: BLOQUE 1 | BK11: P.P.E.C-BLOQUE 1
A12: 009 | B12: 009 | C12: PC06/MATUTINO/009/2026 | D12: GUERRERO GONZÁLEZ DIEGO FERNANDO | E12: Guerrero González Diego Fernando | F12: 23422070060488 | G12: 4424534441 | H12: diegoguerrero3@cecyteq.edu.mx | I12: 5T0-PROG-AM | J12: MATUTINO | K12: PROGRAMACIÓN | L12: CONCLUIDO | M12: PROYECTO | N12: CECYTEQ-PLANTEL 6 CORREGIDORA. | O12: SECTOR PÚBLICO | P12: PROYECTO BASE DE DATOS CLINICA | Q12: 4421561235 | R12: AV. CANDILES 317., VALLE REAL RECIDENCIAL C.P.76903 CANDILES QRO. | S12: yadira.f@cecyteq.edu.mx | T12: 23-26 | U12: HOMBRE | V12: 1 | W12: N/A | X12: SI | Y12: 2 | Z12: 45901 | AA12: =DAY(Tabla1[F. INICIO]) -> 1 | AB12: =TEXT(' En tramite 23-26'!$Z12,"mmmm") -> septiembre | AC12: =YEAR(' En tramite 23-26'!$Z12) -> 2025 | AD12: SI | AE12: 2 | AF12: 45901 | AG12: SI | AH12: 2 | AI12: 45901 | AJ12: =DAY(' En tramite 23-26'!$AI12) -> 1 | AK12: =TEXT(' En tramite 23-26'!$AI12,"mmmm") -> septiembre | AL12: =YEAR(' En tramite 23-26'!$Z12) -> 2025 | AM12: SI | AN12: 2 | AO12: 45901 | AP12: SI | AQ12: 2 | AR12: 45947 | AS12: =' En tramite 23-26'!$AI12+45 -> 45946 | AT12: ENTREGADO | AU12: SI | AV12: 2 | AW12: 45996 | AX12: ENTREGADO | AY12: SI | AZ12: 2 | BA12: 45996 | BB12: SI | BC12: 2 | BD12: 45996 | BE12: =DAY(' En tramite 23-26'!$BD12) -> 5 | BF12: =TEXT(' En tramite 23-26'!$BD12,"mmmm") -> diciembre | BG12: =YEAR(' En tramite 23-26'!$BD12) -> 2025 | BH12: 1 | BI12: 3 meses 0 días | BJ12: BLOQUE 1 | BK12: P.P.E.C-BLOQUE 1 | BL12: 46212 | BM12: 2
A13: 010 | B13: 010 | C13: PC06/MATUTINO/010/2026 | D13: MIJANGOS MORENO SAMUEL | E13: Mijangos Moreno Samuel | F13: 23422070060501 | G13: 4428119434 | H13: samuelmijangos@cecyteq.edu.mx | I13: 5T0-PROG-AM | J13: MATUTINO | K13: PROGRAMACIÓN | L13: CONCLUIDO | M13: PROYECTO | N13: CECYTEQ-PLANTEL 6 CORREGIDORA. | O13: SECTOR PÚBLICO | P13: PROYECTO BASE DE DATOS CLINICA | Q13: 4421561235 | R13: AV. CANDILES 317., VALLE REAL RECIDENCIAL C.P.76903 CANDILES QRO. | S13: yadira.f@cecyteq.edu.mx | T13: 23-26 | U13: HOMBRE | V13: 1 | W13: N/A | X13: SI | Y13: 2 | Z13: 45901 | AA13: =DAY(Tabla1[F. INICIO]) -> 1 | AB13: =TEXT(' En tramite 23-26'!$Z13,"mmmm") -> septiembre | AC13: =YEAR(' En tramite 23-26'!$Z13) -> 2025 | AD13: SI | AE13: 2 | AF13: 45901 | AG13: SI | AH13: 2 | AI13: 45901 | AJ13: =DAY(' En tramite 23-26'!$AI13) -> 1 | AK13: =TEXT(' En tramite 23-26'!$AI13,"mmmm") -> septiembre | AL13: =YEAR(' En tramite 23-26'!$Z13) -> 2025 | AM13: SI | AN13: 2 | AO13: 45901 | AP13: SI | AQ13: 2 | AR13: 45947 | AS13: =' En tramite 23-26'!$AI13+45 -> 45946 | AT13: ENTREGADO | AU13: SI | AV13: 2 | AW13: 45996 | AX13: ENTREGADO | AY13: SI | AZ13: 2 | BA13: 45996 | BB13: SI | BC13: 2 | BD13: 45996 | BE13: =DAY(' En tramite 23-26'!$BD13) -> 5 | BF13: =TEXT(' En tramite 23-26'!$BD13,"mmmm") -> diciembre | BG13: =YEAR(' En tramite 23-26'!$BD13) -> 2025 | BH13: 1 | BI13: 3 meses 0 días | BJ13: BLOQUE 1 | BK13: P.P.E.C-BLOQUE 1 | BL13: 46302 | BM13: 2
A14: 011 | B14: 011 | C14: PC06/MATUTINO/011/2026 | D14: AMADOR HERNÁNDEZ LUIS ÁNGEL | E14: Amador Hernández Luis Ángel | F14: 23422070060475 | G14: 4425641820 | H14: luisamador24@cecyteq.edu.mx | I14: 5T0-PROG-AM | J14: MATUTINO | K14: PROGRAMACIÓN | L14: CONCLUIDO | M14: EMPRESA | N14: TU CIBER ESPACIO | O14: MICROEMPRESAS | P14: x | Q14: 4421866359 | R14: AV. CANDILES 110-D., COL. LOS CANDILES | S14: soporte.espaciociber@gmail.com | T14: 23-26 | U14: HOMBRE | V14: 1 | W14: N/A | X14: SI | Y14: 2 | Z14: 45917 | AA14: =DAY(Tabla1[F. INICIO]) -> 17 | AB14: =TEXT(' En tramite 23-26'!$Z14,"mmmm") -> septiembre | AC14: =YEAR(' En tramite 23-26'!$Z14) -> 2025 | AD14: SI | AE14: 2 | AF14: 45917 | AG14: SI | AH14: 2 | AI14: 45922 | AJ14: =DAY(' En tramite 23-26'!$AI14) -> 22 | AK14: =TEXT(' En tramite 23-26'!$AI14,"mmmm") -> septiembre | AL14: =YEAR(' En tramite 23-26'!$Z14) -> 2025 | AM14: SI | AN14: 1 | AO14: 45922 | AP14: SI | AQ14: 2 | AR14: 45977 | AS14: =' En tramite 23-26'!$AI14+45 -> 45967 | AT14: ENTREGADO | AU14: SI | AV14: 2 | AW14: 46073 | AX14: ENTREGADO | AY14: SI | AZ14: 2 | BA14: 46073 | BB14: SI | BC14: 2 | BD14: 46073 | BE14: =DAY(' En tramite 23-26'!$BD14) -> 20 | BF14: =TEXT(' En tramite 23-26'!$BD14,"mmmm") -> febrero | BG14: =YEAR(' En tramite 23-26'!$BD14) -> 2026 | BH14: 1 | BI14: 4 meses y 29 días | BJ14: BLOQUE 1 | BK14: P.P.E.C-BLOQUE 1 | BL14: 46211 | BM14: 2
A15: 012 | B15: 012 | C15: PC06/MATUTINO/012/2026 | D15: OLVERA BARCENAS KEVIN EMMANUEL | E15: Olvera Barcenas Kevin Emmanuel | F15: 23422070060407 | G15: 4421804362 | H15: kevinolvera3@cecyteq.edu.mx | I15: 5T0-PGA-AM | J15: MATUTINO | K15: PROCESOS DE GESTIÓN ADMINISTRATIVA | L15: CONCLUIDO | M15: EMPRESA | N15: M&E MUEBLES Y EQUIPOS PARA OFICINA | P15: x | Q15: 4424102095 | R15: AV. UNIVERSIDAD PONIENTE 174, COL. CENTRO | S15: ameneyrow@hotmail.com | T15: 23-26 | U15: HOMBRE | V15: 2 | W15: 3200 | X15: SI | Y15: 2 | Z15: 45917 | AA15: =DAY(Tabla1[F. INICIO]) -> 17 | AB15: =TEXT(' En tramite 23-26'!$Z15,"mmmm") -> septiembre | AC15: =YEAR(' En tramite 23-26'!$Z15) -> 2025 | AD15: SI | AE15: 2 | AF15: 45917 | AG15: SI | AH15: 2 | AI15: 45917 | AJ15: =DAY(' En tramite 23-26'!$AI15) -> 17 | AK15: =TEXT(' En tramite 23-26'!$AI15,"mmmm") -> septiembre | AL15: =YEAR(' En tramite 23-26'!$Z15) -> 2025 | AM15: SI | AN15: 1 | AO15: 45917 | AP15: SI | AQ15: 1 | AR15: 45958 | AS15: =' En tramite 23-26'!$AI15+45 -> 45962 | AT15: ENTREGADO | AU15: SI | AV15: 2 | AW15: 46008 | AX15: ENTREGADO | AY15: SI | AZ15: 2 | BA15: 45996 | BB15: SI | BC15: 2 | BD15: 46008 | BE15: =DAY(' En tramite 23-26'!$BD15) -> 17 | BF15: =TEXT(' En tramite 23-26'!$BD15,"mmmm") -> diciembre | BG15: =YEAR(' En tramite 23-26'!$BD15) -> 2025 | BH15: 1 | BI15: 3 meses 19 días | BJ15: BLOQUE 1 | BK15: P.P.E.C-BLOQUE 1 | BL15: 46211 | BM15: 2
A16: 013 | D16: RIOS SÁNCHEZ CALEB UZIEL | E16: Rios Sánchez Caleb Uziel | F16: 23422070060262 | G16: 4428779061 | H16: calebrios@cecyteq.edu.mx | I16: 5T0-MECA-BM | J16: MATUTINO | K16: MECATRÓNICA | L16: EN TRAMITE | M16: INSTITUCIÓN | N16: UNIVERSIDAD TECNOLÓGICA DE QUERÉTARO | O16: SECTOR PÚBLICO | P16: x | Q16: 4422096100 | R16: AV. PIE DE LA CUESTA #2501 | S16: arturo.urbiola@uteq.edu.mx | T16: 23-26 | U16: HOMBRE | V16: 0 | X16: SI | Y16: 2 | Z16: 45911 | AA16: =DAY(Tabla1[F. INICIO]) -> 11 | AB16: =TEXT(' En tramite 23-26'!$Z16,"mmmm") -> septiembre | AC16: =YEAR(' En tramite 23-26'!$Z16) -> 2025 | AD16: SI | AE16: 2 | AF16: 45912 | AS16: =' En tramite 23-26'!$AI16+45 -> 45 | AW16: =' En tramite 23-26'!$AS16+45 -> 90
A17: 014 | B17: 013 | C17: PC06/VESPERTINO/013/2026 | D17: MATA HERRERO JOSÉ ANTONIO | E17: Mata Herrero José Antonio | F17: 23422070060546 | G17: 4421225886 | H17: josemata57@cecyteq.edu.mx | I17: 5T0-PROG-AV | J17: VESPERTINO | K17: PROGRAMACIÓN | L17: CONCLUIDO | M17: EMPRESA | N17: ALARMAS PROSECURITY | O17: MEDIANAS EMPRESAS | P17: x | Q17: 4428530301 | R17: JESÚS MA. VAZQUE CANDILES | S17: alarmaspro@hotmail.com | T17: 23-26 | U17: HOMBRE | V17: 1 | W17: N/A | X17: SI | Y17: 2 | Z17: 45910 | AA17: =DAY(Tabla1[F. INICIO]) -> 10 | AB17: =TEXT(' En tramite 23-26'!$Z17,"mmmm") -> septiembre | AC17: =YEAR(' En tramite 23-26'!$Z17) -> 2025 | AD17: SI | AE17: 2 | AF17: 45910 | AG17: SI | AH17: 2 | AI17: 45910 | AJ17: =DAY(' En tramite 23-26'!$AI17) -> 10 | AK17: =TEXT(' En tramite 23-26'!$AI17,"mmmm") -> septiembre | AL17: =YEAR(' En tramite 23-26'!$Z17) -> 2025 | AM17: SI | AN17: 2 | AO17: 45910 | AP17: SI | AQ17: 2 | AR17: 46322 | AS17: =' En tramite 23-26'!$AI17+45 -> 45955 | AT17: ENTREGADO | AU17: SI | AV17: 2 | AW17: 46029 | AX17: ENTREGADO | AY17: SI | AZ17: 2 | BA17: 46029 | BB17: SI | BC17: 2 | BD17: 46029 | BE17: =DAY(' En tramite 23-26'!$BD17) -> 7 | BF17: =TEXT(' En tramite 23-26'!$BD17,"mmmm") -> enero | BG17: =YEAR(' En tramite 23-26'!$BD17) -> 2026 | BH17: 1 | BI17: 3 meses y 28 días | BJ17: BLOQUE 1 | BK17: P.P.E.C-BLOQUE 1
A18: 15 | D18: NAVARRO TOLEDO JOSÉ ALEJANDRO | E18: Navarro Toledo José Alejandro | F18: 23422070060 504 | G18: 4423769604 | H18: josenavarro66@cecyteq.edu.mx | I18: 5T0-PROG-AM | J18: MATUTINO | K18: PROGRAMACIÓN | L18: EN TRAMITE | M18: PROYECTO | N18: CECYTEQ-PLANTEL 6 | O18: SECTOR PÚBLICO | P18: PROYECTO BASE DE DATOS CLINICA | Q18: 4421561235 | R18: AV. CANDILES 317., VALLE REAL RECIDENCIAL C.P.76903 CANDILES QRO. | S18: yadira.f@cecyteq.edu.mx | T18: 23-26 | U18: HOMBRE | V18: 0 | X18: NO | Y18: 0 | AS18: =' En tramite 23-26'!$AI18+45 -> 45 | AW18: =' En tramite 23-26'!$AS18+45 -> 90
A19: 016 | B19: 014 | C19: PC06/MATUTINO/014/2026 | D19: NIEVES ARIAS MARÍA FERNANDA | E19: Nieves Arias María Fernanda | F19: 23422070060131 | G19: 4427166846 | H19: marianieves11@cecyteq.edu.mx | I19: 5T0-LOG-AM | J19: MATUTINO | K19: LOGÍSTICA | L19: CONCLUIDO | M19: EMPRESA | N19: DSA MAQUINADOS INDUSTRIALES S. DE R.L. DE C.V. | O19: PEQUEÑAS EMPRESAS | P19: x | Q19: 4423935390 | R19: CALLE SAN MATEO S/N, EL ROSARIO | S19: dsamaquinados@gmail.com | T19: 23-26 | U19: MUJER | V19: 1 | W19: N/A | X19: SI | Y19: 2 | Z19: 45919 | AA19: =DAY(Tabla1[F. INICIO]) -> 19 | AB19: =TEXT(' En tramite 23-26'!$Z19,"mmmm") -> septiembre | AC19: =YEAR(' En tramite 23-26'!$Z19) -> 2025 | AD19: SI | AE19: 2 | AF19: 45923 | AG19: SI | AH19: 2 | AI19: 45923 | AJ19: =DAY(' En tramite 23-26'!$AI19) -> 23 | AK19: =TEXT(' En tramite 23-26'!$AI19,"mmmm") -> septiembre | AL19: =YEAR(' En tramite 23-26'!$Z19) -> 2025 | AM19: SI | AN19: 1 | AO19: 45923 | AP19: SI | AQ19: 2 | AR19: 46006 | AS19: =' En tramite 23-26'!$AI19+45 -> 45968 | AT19: ENTREGADO | AU19: SI | AV19: 2 | AW19: 46038 | AX19: ENTREGADO | AY19: SI | AZ19: 2 | BA19: 46038 | BB19: SI | BC19: 2 | BD19: 46038 | BE19: =DAY(' En tramite 23-26'!$BD19) -> 16 | BF19: =TEXT(' En tramite 23-26'!$BD19,"mmmm") -> enero | BG19: =YEAR(' En tramite 23-26'!$BD19) -> 2026 | BH19: 1 | BI19: 3 meses 17 días | BJ19: BLOQUE 1 | BK19: P.P.E.C-BLOQUE 1 | BL19: 46211 | BM19: 2
A20: 017 | B20: 015 | C20: PC06/MATUTINO/015/2026 | D20: HERNÁNDEZ GARCÍA MARÍA JOSÉ | E20: Hernández García María José | F20: 23422070060063 | G20: 4421500768 | H20: maria.jose@cecyteq.edu.mx | I20: 5T0-BIO-AM | J20: MATUTINO | K20: BIOTECNOLOGÍA | L20: CONCLUIDO | M20: PROYECTO | N20: CECYTEQ-PLANTEL 6 CORREGIDORA. | O20: SECTOR PÚBLICO | P20: PROYECTO DE ELECTRO GERMINACIÓN DE BIZNAGA, BARRIL Y ACITRÓN CON BIOCARBONO | Q20: 4421550768 | R20: AV. CANDILES 317., VALLE REAL RECIDENCIAL C.P.76903 CANDILES QRO. | S20: teresa.r@cecyteq.edu.mx | T20: 23-26 | U20: MUJER | V20: 1 | W20: N/A | X20: SI | Y20: 2 | Z20: 45881 | AA20: =DAY(Tabla1[F. INICIO]) -> 12 | AB20: =TEXT(' En tramite 23-26'!$Z20,"mmmm") -> agosto | AC20: =YEAR(' En tramite 23-26'!$Z20) -> 2025 | AD20: SI | AE20: 2 | AF20: 45881 | AG20: SI | AH20: 2 | AI20: 45881 | AJ20: =DAY(' En tramite 23-26'!$AI20) -> 12 | AK20: =TEXT(' En tramite 23-26'!$AI20,"mmmm") -> agosto | AL20: =YEAR(' En tramite 23-26'!$Z20) -> 2025 | AM20: SI | AN20: 2 | AO20: 45881 | AP20: SI | AQ20: 2 | AR20: 45926 | AS20: =' En tramite 23-26'!$AI20+45 -> 45926 | AT20: ENTREGADO | AU20: SI | AV20: 2 | AW20: =' En tramite 23-26'!$AS20+45 -> 45971 | AX20: ENTREGADO | AY20: SI | AZ20: 2 | BA20: 45971 | BB20: SI | BC20: 2 | BD20: 45971 | BE20: =DAY(' En tramite 23-26'!$BD20) -> 10 | BF20: =TEXT(' En tramite 23-26'!$BD20,"mmmm") -> noviembre | BG20: =YEAR(' En tramite 23-26'!$BD20) -> 2025 | BH20: 1 | BI20: 2 meses 29 días | BJ20: BLOQUE 1 | BK20: P.P.E.C-BLOQUE 1 | BL20: 46211 | BM20: 2
A21: 018 | B21: 016 | C21: PC06/MATUTINO/016/2026 | D21: MORALES ORTIZ DANIEL | E21: Morales Ortiz Daniel | F21: 23422070060503 | G21: 4461026039 | H21: danielmorales79@cecyteq.edu.mx | I21: 5T0-PROG-AM | J21: MATUTINO | K21: PROGRAMACIÓN | L21: CONCLUIDO | M21: PROYECTO | N21: CECYTEQ-PLANTEL 6 CORREGIDORA. | O21: SECTOR PÚBLICO | P21: PROYECTO " ASESORÍAS MATEMÁTICAS 1" | Q21: 4421561235 | R21: AV. CANDILES 317., VALLE REAL RECIDENCIAL C.P.76903 CANDILES QRO. | S21: yadira.f@cecyteq.edu.mx | T21: 23-26 | U21: HOMBRE | V21: 1 | W21: N/A | X21: SI | Y21: 2 | Z21: 46076 | AA21: =DAY(Tabla1[F. INICIO]) -> 23 | AB21: =TEXT(' En tramite 23-26'!$Z21,"mmmm") -> febrero | AC21: =YEAR(' En tramite 23-26'!$Z21) -> 2026 | AD21: SI | AE21: 3 | AF21: 46076 | AG21: SI | AH21: 3 | AI21: 46076 | AJ21: =DAY(' En tramite 23-26'!$AI21) -> 23 | AK21: =TEXT(' En tramite 23-26'!$AI21,"mmmm") -> febrero | AL21: =YEAR(' En tramite 23-26'!$Z21) -> 2026 | AM21: SI | AN21: 3 | AO21: 46076 | AP21: SI | AQ21: 2 | AR21: 46121 | AS21: =' En tramite 23-26'!$AI21+45 -> 46121 | AT21: ENTREGADO | AU21: SI | AV21: 2 | AW21: 46168 | AX21: ENTREGADO | AY21: SI | AZ21: 2 | BA21: 46168 | BB21: SI | BC21: 2 | BD21: 46168 | BE21: =DAY(' En tramite 23-26'!$BD21) -> 26 | BF21: =TEXT(' En tramite 23-26'!$BD21,"mmmm") -> mayo | BG21: =YEAR(' En tramite 23-26'!$BD21) -> 2026 | BH21: 1 | BI21: 3 meses y 3 días | BJ21: BLOQUE 1 | BK21: P.P.E.C-BLOQUE 1
A22: 019 | B22: 017 | C22: PC06/MATUTINO/017/2026 | D22: ESTRELLA GÓMEZ PEDRO EMILIO | E22: Estrella Gómez Pedro Emilio | F22: 23422070060386 | G22: 4425264969 | H22: pedroestrellagomez@cecyteq.edu.mx | I22: 5T0-PGA-AM | J22: MATUTINO | K22: PROCESOS DE GESTIÓN ADMINISTRATIVA | L22: CONCLUIDO | M22: EMPRESA | N22: M&E MUEBLES Y EQUIPOS PARA OFICINA | O22: MEDIANAS EMPRESAS | P22: x | Q22: 4428114091 | R22: AV. UNIVERSIDAD PONIENTE 174, COL. CENTRO | S22: ameneyrow@hotmail.com | T22: 23-26 | U22: HOMBRE | V22: 2 | W22: =800*4 -> 3200 | X22: SI | Y22: 3 | Z22: 45923 | AA22: =DAY(Tabla1[F. INICIO]) -> 23 | AB22: =TEXT(' En tramite 23-26'!$Z22,"mmmm") -> septiembre | AC22: =YEAR(' En tramite 23-26'!$Z22) -> 2025 | AD22: SI | AE22: 2 | AF22: 45923 | AG22: SI | AH22: 2 | AI22: 45924 | AJ22: =DAY(' En tramite 23-26'!$AI22) -> 24 | AK22: =TEXT(' En tramite 23-26'!$AI22,"mmmm") -> septiembre | AL22: =YEAR(' En tramite 23-26'!$Z22) -> 2025 | AM22: SI | AN22: 3 | AO22: 45930 | AP22: SI | AQ22: 3 | AR22: 45985 | AS22: =' En tramite 23-26'!$AI22+45 -> 45969 | AT22: ENTREGADO | AU22: SI | AV22: 2 | AW22: 46380 | AX22: ENTREGADO | AY22: SI | AZ22: 2 | BA22: 46380 | BB22: SI | BC22: 2 | BD22: 46015 | BE22: =DAY(' En tramite 23-26'!$BD22) -> 24 | BF22: =TEXT(' En tramite 23-26'!$BD22,"mmmm") -> diciembre | BG22: =YEAR(' En tramite 23-26'!$BD22) -> 2025 | BH22: 1 | BI22: 3 meses 0 días | BJ22: BLOQUE 1 | BK22: P.P.E.C-BLOQUE 1
A23: 020 | D23: LUNA MARTÍNEZ GIOVANI ALEJANDRO | E23: Luna Martínez Giovani Alejandro | F23: 23422070060 402 | G23: 4421607262 | H23: giovaniluna@cecyteq.edu.mx | I23: 5T0-PGA-AM | J23: MATUTINO | K23: PROCESOS DE GESTIÓN ADMINISTRATIVA | L23: EN TRAMITE | M23: EMPRESA | N23: MINISUPER JAOEHJ | O23: MICROEMPRESAS | P23: x | Q23: 4427116464 | R23: LOMA DE LA CAÑADA | S23: minisuperjapehj@gmail.com | T23: 23-26 | U23: HOMBRE | V23: 0 | X23: SI | Y23: 2 | Z23: 45930 | AA23: =DAY(Tabla1[F. INICIO]) -> 30 | AB23: =TEXT(' En tramite 23-26'!$Z23,"mmmm") -> septiembre | AC23: =YEAR(' En tramite 23-26'!$Z23) -> 2025 | AD23: SI | AE23: 2 | AF23: 45930 | AG23: NO | AH23: 1 | AS23: =' En tramite 23-26'!$AI23+45 -> 45 | AW23: =' En tramite 23-26'!$AS23+45 -> 90
A24: 021 | B24: 018 | C24: PC06/MATUTINO/018/2026 | D24: VELÁZQUEZ ALVAREZ MARIO IVAN | E24: Velázquez Alvarez Mario Ivan | F24: 23422070060 420 | G24: 4425791027 | H24: mariovelazquez6@cecyteq.edu.mx | I24: 5T0-PGA-AM | J24: MATUTINO | K24: PROCESOS DE GESTIÓN ADMINISTRATIVA | L24: CONCLUIDO | M24: INSTITUCIÓN | N24: SECRETARIA DEL DEPORTE MUNICIPIO DE QUERÉTARO | O24: SECTOR PÚBLICO | P24: x | Q24: 4425791027 | R24: CALLE ANTONIO CARRANZA 100 | S24: antonio.rangel@municipiodequeretaro.gob.mx | T24: 23-26 | U24: HOMBRE | V24: 1 | W24: N/A | X24: SI | Y24: 2 | Z24: 45937 | AA24: =DAY(Tabla1[F. INICIO]) -> 7 | AB24: =TEXT(' En tramite 23-26'!$Z24,"mmmm") -> octubre | AC24: =YEAR(' En tramite 23-26'!$Z24) -> 2025 | AD24: SI | AE24: 2 | AF24: 45937 | AG24: SI | AH24: 2 | AI24: 45957 | AJ24: =DAY(' En tramite 23-26'!$AI24) -> 27 | AK24: =TEXT(' En tramite 23-26'!$AI24,"mmmm") -> octubre | AL24: =YEAR(' En tramite 23-26'!$Z24) -> 2025 | AM24: SI | AN24: 2 | AO24: 46322 | AP24: SI | AQ24: 2 | AR24: 46002 | AS24: =' En tramite 23-26'!$AI24+45 -> 46002 | AT24: ENTREGADO | AU24: SI | AV24: 2 | AW24: 46038 | AX24: ENTREGADO | AY24: SI | AZ24: 2 | BA24: 46038 | BB24: SI | BC24: 2 | BD24: 46038 | BE24: =DAY(' En tramite 23-26'!$BD24) -> 16 | BF24: =TEXT(' En tramite 23-26'!$BD24,"mmmm") -> enero | BG24: =YEAR(' En tramite 23-26'!$BD24) -> 2026 | BH24: 1 | BI24: 2 meses y 20 días. | BJ24: BLOQUE 1 | BK24: P.P.E.C-BLOQUE 1 | BL24: 46210 | BM24: 2
A25: 022 | D25: OLVERA ZAMORA DIANA LIZETH | E25: Olvera Zamora Diana Lizeth | F25: 23422070060 408 | G25: 4427798301 | H25: dianaolvera1@cecyteq.edu.mx | I25: 5T0-PGA-AM | J25: MATUTINO | K25: PROCESOS DE GESTIÓN ADMINISTRATIVA | L25: CONCLUIDO | M25: EMPRESA | N25: HEMIBASA | O25: PEQUEÑAS EMPRESAS | P25: x | Q25: 4427798301 | R25: ART.27 CONSTITUCIONAL 9, CASA BLANCA | S25: hemibasa@hemibasa.com.mx | T25: 23-26 | U25: MUJER | V25: 2 | W25: 4000 | X25: SI | Y25: 2 | Z25: 45951 | AA25: =DAY(Tabla1[F. INICIO]) -> 21 | AB25: =TEXT(' En tramite 23-26'!$Z25,"mmmm") -> octubre | AC25: =YEAR(' En tramite 23-26'!$Z25) -> 2025 | AD25: SI | AE25: 2 | AF25: 45951 | AG25: SI | AH25: 2 | AI25: 45951 | AJ25: =DAY(' En tramite 23-26'!$AI25) -> 21 | AK25: =TEXT(' En tramite 23-26'!$AI25,"mmmm") -> octubre | AL25: =YEAR(' En tramite 23-26'!$Z25) -> 2025 | AM25: SI | AN25: 2 | AO25: 45951 | AP25: SI | AQ25: 2 | AR25: 45998 | AS25: =' En tramite 23-26'!$AI25+45 -> 45996 | AT25: ENTREGADO | AU25: SI | AV25: 2 | AW25: 46077 | AX25: ENTREGADO | AY25: SI | AZ25: 2 | BA25: 46077 | BB25: SI | BC25: 2 | BD25: 46077 | BE25: =DAY(' En tramite 23-26'!$BD25) -> 24 | BF25: =TEXT(' En tramite 23-26'!$BD25,"mmmm") -> febrero | BG25: =YEAR(' En tramite 23-26'!$BD25) -> 2026 | BJ25: BLOQUE 2 | BK25: P.P.E.C-BLOQUE 1-2
A26: 023 | B26: 019 | C26: PC06/VESPERTINO/019/2026 | D26: ALVAREZ FRANCO DIEGO | E26: Alvarez Franco Diego | F26: 23422070060 327 | G26: N/A | H26: diegoalvarez5@gmail.com | I26: 5T0-MECA-BM | J26: VESPERTINO | K26: MECATRÓNICA | L26: CONCLUIDO | M26: EMPRESA | N26: RENTARIA EDIFICACIÓN Y ESTRUCTURA | P26: x | Q26: 4428635970 | R26: EUCALIPOS 1 BODEGA 38 LOS OLVERA | S26: Lrenteria@redes-mx.com | T26: 23-26 | U26: HOMBRE | V26: 2 | W26: 2000 | X26: SI | Y26: 2 | Z26: 45950 | AA26: =DAY(Tabla1[F. INICIO]) -> 20 | AB26: =TEXT(' En tramite 23-26'!$Z26,"mmmm") -> octubre | AC26: =YEAR(' En tramite 23-26'!$Z26) -> 2025 | AD26: SI | AE26: 2 | AF26: 45950 | AG26: SI | AH26: 2 | AI26: 45950 | AJ26: =DAY(' En tramite 23-26'!$AI26) -> 20 | AK26: =TEXT(' En tramite 23-26'!$AI26,"mmmm") -> octubre | AL26: =YEAR(' En tramite 23-26'!$Z26) -> 2025 | AM26: SI | AN26: 2 | AO26: 45950 | AP26: SI | AQ26: 2 | AR26: 46001 | AS26: 46366 | AT26: ENTREGADO | AU26: SI | AV26: 2 | AW26: 46042 | AX26: ENTREGADO | AY26: SI | AZ26: 2 | BA26: 46042 | BB26: SI | BC26: 2 | BD26: 46042 | BE26: =DAY(' En tramite 23-26'!$BD26) -> 20 | BF26: =TEXT(' En tramite 23-26'!$BD26,"mmmm") -> enero | BG26: =YEAR(' En tramite 23-26'!$BD26) -> 2026 | BH26: 1 | BI26: 3 meses | BJ26: BLOQUE 1 | BK26: P.P.E.C-BLOQUE 1
A27: 024 | B27: 020 | C27: PC06/MATUTINO/020/2026 | D27: TORREJÓN HERNÁNDEZ SANDRA LUCIA | E27: Torrejón Hernández Sandra Lucia | F27: 23422070060 418 | G27: 4421075401 | H27: sandratorrejon@cecyteq.edu.mx | I27: 5T0-PGA-AM | J27: MATUTINO | K27: PROCESOS DE GESTIÓN ADMINISTRATIVA | L27: CONCLUIDO | M27: EMPRESA | N27: R MECÁNICOS | O27: PEQUEÑAS EMPRESAS | P27: x | Q27: 4425982749 | R27: CALLE CHIAPAS 3 | S27: rafaelcelmapalacios@gmail.com | T27: 23-26 | U27: MUJER | V27: 1 | W27: N/A | X27: SI | Y27: 2 | Z27: 45932 | AA27: =DAY(Tabla1[F. INICIO]) -> 2 | AB27: =TEXT(' En tramite 23-26'!$Z27,"mmmm") -> octubre | AC27: =YEAR(' En tramite 23-26'!$Z27) -> 2025 | AD27: SI | AE27: 2 | AF27: 45932 | AG27: SI | AH27: 2 | AI27: 45933 | AJ27: =DAY(' En tramite 23-26'!$AI27) -> 3 | AK27: =TEXT(' En tramite 23-26'!$AI27,"mmmm") -> octubre | AL27: =YEAR(' En tramite 23-26'!$Z27) -> 2025 | AM27: SI | AN27: 2 | AO27: 45933 | AP27: SI | AQ27: 2 | AR27: 45979 | AS27: =' En tramite 23-26'!$AI27+45 -> 45978 | AT27: ENTREGADO | AU27: SI | AV27: 2 | AW27: 46025 | AX27: ENTREGADO | AY27: SI | AZ27: 2 | BA27: 46025 | BB27: SI | BC27: 2 | BD27: 46025 | BE27: =DAY(' En tramite 23-26'!$BD27) -> 3 | BF27: =TEXT(' En tramite 23-26'!$BD27,"mmmm") -> enero | BG27: =YEAR(' En tramite 23-26'!$BD27) -> 2026 | BH27: 1 | BI27: 3 meses | BJ27: BLOQUE 1 | BK27: P.P.E.C-BLOQUE 1 | BL27: 46210 | BM27: 2
A28: 025 | B28: 021 | C28: PC06/MATUTINO/021/2026 | D28: CECILIANO MORALES GIOVANNI | E28: Ceciliano Morales Giovanni | F28: 23422070060 436 | G28: 4425058220 | H28: giovanniceciliano@cecyteq.edu.mx | I28: 5T0-PGA-AM | J28: MATUTINO | K28: PROCESOS DE GESTIÓN ADMINISTRATIVA | L28: CONCLUIDO | M28: EMPRESA | N28: TAQUERIA DANY | O28: MICROEMPRESAS | P28: x | Q28: 4427759780 | R28: CALLE MARIA TRICHELO COL. UNIÓN 33 | S28: taqueriadany01@gmail.com | T28: 23-26 | U28: HOMBRE | V28: 1 | W28: N/A | X28: SI | Y28: 2 | Z28: 45945 | AA28: =DAY(Tabla1[F. INICIO]) -> 15 | AB28: =TEXT(' En tramite 23-26'!$Z28,"mmmm") -> octubre | AC28: =YEAR(' En tramite 23-26'!$Z28) -> 2025 | AD28: SI | AE28: 2 | AF28: 45945 | AG28: SI | AH28: 2 | AI28: 45945 | AJ28: =DAY(' En tramite 23-26'!$AI28) -> 15 | AK28: =TEXT(' En tramite 23-26'!$AI28,"mmmm") -> octubre | AL28: =YEAR(' En tramite 23-26'!$Z28) -> 2025 | AM28: SI | AN28: 2 | AO28: 45949 | AP28: SI | AQ28: 2 | AR28: 45997 | AS28: =' En tramite 23-26'!$AI28+45 -> 45990 | AT28: ENTREGADO | AU28: SI | AV28: 2 | AW28: 06/03./2026 | AX28: ENTREGADO | AY28: SI | AZ28: 2 | BA28: 46087 | BB28: SI | BC28: 2 | BD28: 46087 | BE28: =DAY(' En tramite 23-26'!$BD28) -> 6 | BF28: =TEXT(' En tramite 23-26'!$BD28,"mmmm") -> marzo | BG28: =YEAR(' En tramite 23-26'!$BD28) -> 2026 | BH28: 1 | BI28: 4 meses 19 días | BJ28: BLOQUE 1 | BK28: P.P.E.C-BLOQUE 1
A29: 026 | B29: 022 | C29: PC06/MATUTINO/022/2026 | D29: FLORES CAMACHO DANA PAOLA | E29: Flores Camacho Dana Paola | F29: 23422070060 387 | G29: 4426790947 | H29: danaflores6@cecyteq.edu.mx | I29: 5T0-PGA-AM | J29: MATUTINO | K29: PROCESOS DE GESTIÓN ADMINISTRATIVA | L29: CONCLUIDO | M29: EMPRESA | N29: GRUPO VAGAQUER S.A DE C.V | O29: MEDIANAS EMPRESAS | P29: x | Q29: 4422314351 | R29: CALLE PROGRESO 102 COL.EJIDO EL ORGANAL | S29: servicio.vazquez.admon@gmail.com | T29: 23-26 | U29: MUJER | V29: 1 | W29: N/A | X29: SI | Y29: 2 | Z29: 45883 | AA29: =DAY(Tabla1[F. INICIO]) -> 14 | AB29: =TEXT(' En tramite 23-26'!$Z29,"mmmm") -> agosto | AC29: =YEAR(' En tramite 23-26'!$Z29) -> 2025 | AD29: SI | AE29: 2 | AF29: 45883 | AG29: SI | AH29: 2 | AI29: 45950 | AJ29: =DAY(' En tramite 23-26'!$AI29) -> 20 | AK29: =TEXT(' En tramite 23-26'!$AI29,"mmmm") -> octubre | AL29: =YEAR(' En tramite 23-26'!$Z29) -> 2025 | AM29: SI | AN29: 2 | AO29: 45950 | AP29: SI | AQ29: 2 | AR29: 45996 | AS29: =' En tramite 23-26'!$AI29+45 -> 45995 | AT29: ENTREGADO | AU29: SI | AV29: 2 | AW29: 46038 | AX29: ENTREGADO | AY29: SI | AZ29: 2 | BA29: 46038 | BB29: SI | BC29: 2 | BD29: 46038 | BE29: =DAY(' En tramite 23-26'!$BD29) -> 16 | BF29: =TEXT(' En tramite 23-26'!$BD29,"mmmm") -> enero | BG29: =YEAR(' En tramite 23-26'!$BD29) -> 2026 | BH29: 1 | BI29: 2 meses 27 días | BJ29: BLOQUE 1 | BK29: P.P.E.C-BLOQUE 1
A30: 027 | D30: BEÑA ANDALÓN CARLOS ANTONIO | E30: Beña Andalón Carlos Antonio | F30: 23422070060 431 | G30: 4428639853 | H30: carlosbrena@cecyteq.edu.mx | I30: 5T0-PGA-AV | J30: VESPERTINO | K30: PROCESOS DE GESTIÓN ADMINISTRATIVA | L30: CONCLUIDO | M30: EMPRESA | N30: FIXMART DE MÉXICO | O30: MEDIANAS EMPRESAS | P30: x | Q30: 4428639853 | R30: ACCESO A CANDILES 542 INT 18 | S30: soporte@fixmart.mx | T30: 23-26 | U30: HOMBRE | V30: 0 | X30: SI | Y30: 2 | Z30: 45954 | AA30: =DAY(Tabla1[F. INICIO]) -> 24 | AB30: =TEXT(' En tramite 23-26'!$Z30,"mmmm") -> octubre | AC30: =YEAR(' En tramite 23-26'!$Z30) -> 2025 | AD30: SI | AE30: 2 | AF30: 45957 | AG30: SI | AH30: 2 | AI30: 45957 | AJ30: =DAY(' En tramite 23-26'!$AI30) -> 27 | AK30: =TEXT(' En tramite 23-26'!$AI30,"mmmm") -> octubre | AL30: =YEAR(' En tramite 23-26'!$Z30) -> 2025 | AM30: SI | AN30: 2 | AO30: 45957 | AP30: SI | AQ30: 2 | AR30: 46003 | AS30: =' En tramite 23-26'!$AI30+45 -> 46002 | AT30: ENTREGADO | AU30: SI | AV30: 2 | AW30: 46049 | AX30: ENTREGADO | AY30: SI | AZ30: 2 | BA30: 46049 | BB30: SI | BC30: 2 | BD30: 46049 | BE30: =DAY(' En tramite 23-26'!$BD30) -> 27 | BF30: =TEXT(' En tramite 23-26'!$BD30,"mmmm") -> enero | BG30: =YEAR(' En tramite 23-26'!$BD30) -> 2026 | BJ30: BLOQUE 2 | BK30: P.P.E.C-BLOQUE 1-2
A31: 028 | B31: 023 | C31: PC06/VESPERTINO/023/2026 | D31: REYES GARCÍA CARLOS | E31: Reyes García Carlos | F31: 23422070060 465 | G31: 4425995199 | H31: carlosreyes114@cecyteq.edu.mx | I31: 5T0-PGA-AV | J31: VESPERTINO | K31: PROCESOS DE GESTIÓN ADMINISTRATIVA | L31: CONCLUIDO | M31: EMPRESA | N31: FIXMART DE MÉXICO | O31: MEDIANAS EMPRESAS | P31: x | Q31: 4428639853 | R31: ACCESO A CANDILES 542 INT 18 | S31: soporte@fixmart.mx | T31: 23-26 | U31: HOMBRE | V31: 1 | W31: N/A | X31: SI | Y31: 2 | Z31: 45954 | AA31: =DAY(Tabla1[F. INICIO]) -> 24 | AB31: =TEXT(' En tramite 23-26'!$Z31,"mmmm") -> octubre | AC31: =YEAR(' En tramite 23-26'!$Z31) -> 2025 | AD31: SI | AE31: 2 | AF31: 45954 | AG31: SI | AH31: 2 | AI31: 45957 | AJ31: =DAY(' En tramite 23-26'!$AI31) -> 27 | AK31: =TEXT(' En tramite 23-26'!$AI31,"mmmm") -> octubre | AL31: =YEAR(' En tramite 23-26'!$Z31) -> 2025 | AM31: SI | AN31: 2 | AO31: 46322 | AP31: SI | AQ31: 2 | AR31: 46003 | AS31: =' En tramite 23-26'!$AI31+45 -> 46002 | AT31: ENTREGADO | AU31: SI | AV31: 2 | AW31: 46049 | AX31: ENTREGADO | AY31: SI | AZ31: 2 | BA31: 46049 | BB31: SI | BC31: 2 | BD31: 46049 | BE31: =DAY(' En tramite 23-26'!$BD31) -> 27 | BF31: =TEXT(' En tramite 23-26'!$BD31,"mmmm") -> enero | BG31: =YEAR(' En tramite 23-26'!$BD31) -> 2026 | BH31: 1 | BI31: 3 meses | BJ31: BLOQUE 1 | BK31: P.P.E.C-BLOQUE 1
A32: 029 | B32: 024 | C32: PC06/MATUTINO/024/2026 | D32: SEGUNDO LÓPEZ GIOVANNI IMANOL | E32: Segundo López Giovanni Imanol | F32: 23422070060 416 | G32: 4426560152 | H32: giovannisegundo@cecyteq.edu.mx | I32: 5T0-PGA-AM | J32: MATUTINO | K32: PROCESOS DE GESTIÓN ADMINISTRATIVA | L32: CONCLUIDO | M32: EMPRESA | N32: ORMEN S.A DE C.V | O32: MEDIANAS EMPRESAS | P32: x | Q32: 4426560152 | R32: TRATOLI 28 COL. SANTUARIOS EL CERRITO | S32: aaronmichel.ormen@gmail.com | T32: 23-26 | U32: HOMBRE | V32: 2 | W32: 10000 | X32: SI | Y32: 2 | Z32: 45951 | AA32: =DAY(Tabla1[F. INICIO]) -> 21 | AB32: =TEXT(' En tramite 23-26'!$Z32,"mmmm") -> octubre | AC32: =YEAR(' En tramite 23-26'!$Z32) -> 2025 | AD32: SI | AE32: 2 | AF32: 45958 | AG32: SI | AH32: 2 | AI32: 45964 | AJ32: =DAY(' En tramite 23-26'!$AI32) -> 3 | AK32: =TEXT(' En tramite 23-26'!$AI32,"mmmm") -> noviembre | AL32: =YEAR(' En tramite 23-26'!$Z32) -> 2025 | AM32: SI | AN32: 2 | AO32: 45964 | AP32: SI | AQ32: 2 | AR32: 46368 | AS32: =' En tramite 23-26'!$AI32+45 -> 46009 | AT32: ENTREGADO | AU32: SI | AV32: 2 | AW32: 46076 | AX32: ENTREGADO | AY32: SI | AZ32: 2 | BA32: 46076 | BB32: SI | BC32: 2 | BD32: 46076 | BE32: =DAY(' En tramite 23-26'!$BD32) -> 23 | BF32: =TEXT(' En tramite 23-26'!$BD32,"mmmm") -> febrero | BG32: =YEAR(' En tramite 23-26'!$BD32) -> 2026 | BH32: 1 | BI32: 3 meses y 20 días | BJ32: BLOQUE 1 | BK32: P.P.E.C-BLOQUE 1 | BL32: 46212 | BM32: 2
A33: 030 | B33: 025 | C33: PC06/VESPERTINO/025/2026 | D33: FLYNN TORRES XIMENA ELIZABETH | E33: Flynn Torres Ximena Elizabeth | F33: 23422070060 614 | G33: 4461140433 | H33: ximena.f@cecyteq.edu.mx | I33: 5T0-MECA-AV | J33: VESPERTINO | K33: MECATRÓNICA | L33: CONCLUIDO | M33: EMPRESA | N33: FABRICACIONES CNC DE QUERÉTARO S.A. DE C.V | P33: x | Q33: 4422281206 | R33: MONTERREY 17 SAN JOSÉ | S33: recurso.humano@fabricaciones cnc.com | T33: 23-26 | U33: MUJER | V33: 1 | W33: N/A | X33: SI | Y33: 2 | Z33: 45957 | AA33: =DAY(Tabla1[F. INICIO]) -> 27 | AB33: =TEXT(' En tramite 23-26'!$Z33,"mmmm") -> octubre | AC33: =YEAR(' En tramite 23-26'!$Z33) -> 2025 | AD33: SI | AE33: 2 | AF33: 45957 | AG33: SI | AH33: 2 | AI33: 45964 | AJ33: =DAY(' En tramite 23-26'!$AI33) -> 3 | AK33: =TEXT(' En tramite 23-26'!$AI33,"mmmm") -> noviembre | AL33: =YEAR(' En tramite 23-26'!$Z33) -> 2025 | AM33: SI | AN33: 2 | AO33: 45964 | AP33: SI | AQ33: 2 | AR33: 46009 | AS33: =' En tramite 23-26'!$AI33+45 -> 46009 | AT33: ENTREGADO | AU33: SI | AV33: 2 | AW33: 46056 | AX33: ENTREGADO | AY33: SI | AZ33: 2 | BA33: 46056 | BB33: SI | BC33: 2 | BD33: 46056 | BE33: =DAY(' En tramite 23-26'!$BD33) -> 3 | BF33: =TEXT(' En tramite 23-26'!$BD33,"mmmm") -> febrero | BG33: =YEAR(' En tramite 23-26'!$BD33) -> 2026 | BH33: 1 | BI33: 3 meses | BJ33: BLOQUE 1 | BK33: P.P.E.C-BLOQUE 1 | BL33: 46211 | BM33: 2
A34: 031 | B34: 026 | C34: PC06/MATUTINO/026/2026 | D34: MERCADO ROMERO JUAN PABLO | E34: Mercado Romero Juan Pablo | F34: 23422070060 030 | G34: 4427535657 | H34: juanmercado18@cecyteq.edu.mx | I34: 5T0-BIO-AM | J34: MATUTINO | K34: BIOTECNOLOGÍA | L34: CONCLUIDO | M34: PROYECTO | N34: CECYTEQ-PLANTEL 6 CORREGIDORA | O34: SECTOR PÚBLICO | P34: PROYECTO | Q34: 4421477241 | R34: AV. CANDILES 317., VALLE REAL RECIDENCIAL C.P.76903 CANDILES QRO. | S34: teresa.r@cecyteq.edu.mx | T34: 23-26 | U34: HOMBRE | V34: 1 | W34: N/A | X34: SI | Y34: 2 | Z34: 45930 | AA34: =DAY(Tabla1[F. INICIO]) -> 30 | AB34: =TEXT(' En tramite 23-26'!$Z34,"mmmm") -> septiembre | AC34: =YEAR(' En tramite 23-26'!$Z34) -> 2025 | AD34: SI | AE34: 2 | AF34: 45930 | AG34: SI | AH34: 2 | AI34: 45930 | AJ34: =DAY(' En tramite 23-26'!$AI34) -> 30 | AK34: =TEXT(' En tramite 23-26'!$AI34,"mmmm") -> septiembre | AL34: =YEAR(' En tramite 23-26'!$Z34) -> 2025 | AM34: SI | AN34: 2 | AO34: 45930 | AP34: SI | AQ34: 2 | AR34: 45975 | AS34: =' En tramite 23-26'!$AI34+45 -> 45975 | AT34: ENTREGADO | AU34: SI | AV34: 2 | AW34: 46083 | AX34: ENTREGADO | AY34: SI | AZ34: 2 | BA34: 46083 | BB34: SI | BC34: 2 | BD34: 46083 | BE34: =DAY(' En tramite 23-26'!$BD34) -> 2 | BF34: =TEXT(' En tramite 23-26'!$BD34,"mmmm") -> marzo | BG34: =YEAR(' En tramite 23-26'!$BD34) -> 2026 | BH34: 1 | BI34: 5 meses 1 día | BJ34: BLOQUE 1 | BK34: P.P.E.C-BLOQUE 1 | BL34: 46210 | BM34: 2
A35: 032 | B35: 027 | C35: PC06/MATUTINO/027/2026 | D35: RESENDIZ REYES NATALIA | E35: Resendiz Reyes Natalia | F35: 23422070060 063 | G35: N/A | H35: nataliaresendiz3@cecyteq.edu.mx | I35: 5T0-BIO-AM | J35: MATUTINO | K35: BIOTECNOLOGÍA | L35: CONCLUIDO | M35: EMPRESA | N35: FORAPLAST S.A. DE C.V. | O35: MEDIANAS EMPRESAS | P35: x | Q35: 4421425696 | R35: FRANCISCO VILLA #1535 COL. LAS AMERICAS | S35: COMPRAS@FORAPLAST.COM | T35: 23-26 | U35: HOMBRE | V35: 1 | W35: N/A | X35: SI | Y35: 2 | Z35: 45911 | AA35: =DAY(Tabla1[F. INICIO]) -> 11 | AB35: =TEXT(' En tramite 23-26'!$Z35,"mmmm") -> septiembre | AC35: =YEAR(' En tramite 23-26'!$Z35) -> 2025 | AD35: SI | AE35: 2 | AF35: 45958 | AG35: SI | AH35: 2 | AI35: 45958 | AJ35: =DAY(' En tramite 23-26'!$AI35) -> 28 | AK35: =TEXT(' En tramite 23-26'!$AI35,"mmmm") -> octubre | AL35: =YEAR(' En tramite 23-26'!$Z35) -> 2025 | AM35: SI | AN35: 2 | AO35: 45958 | AP35: SI | AQ35: 2 | AR35: 46006 | AS35: =' En tramite 23-26'!$AI35+45 -> 46003 | AT35: ENTREGADO | AU35: SI | AV35: 2 | AW35: =' En tramite 23-26'!$AS35+45 -> 46048 | AX35: ENTREGADO | AY35: SI | AZ35: 2 | BA35: 46048 | BB35: SI | BC35: 2 | BD35: 46048 | BE35: =DAY(' En tramite 23-26'!$BD35) -> 26 | BF35: =TEXT(' En tramite 23-26'!$BD35,"mmmm") -> enero | BG35: =YEAR(' En tramite 23-26'!$BD35) -> 2026 | BH35: 1 | BI35: 2 meses 29 días | BJ35: BLOQUE 1 | BK35: P.P.E.C-BLOQUE 1 | BL35: 46213 | BM35: 2
A36: 033 | B36: 028 | C36: PC06/MATUTINO/028/2026 | D36: PÉREZ VARGAS MARÍA FERNANDA | E36: Pérez Vargas María Fernanda | F36: 23422070060 135 | G36: 4424539493 | H36: mariaperez2@cecyteq.edu.mx | I36: 5T0-LOG-AM | J36: MATUTINO | K36: LOGÍSTICA | L36: CONCLUIDO | M36: EMPRESA | N36: VICTORIO CHÁVEZ GIRÓN | O36: PEQUEÑAS EMPRESAS | P36: x | Q36: 4422240626 | R36: AV. CIMATARIO NO. 206 COL. LAS PALMAS | S36: sellosgiron@hotmail.com | T36: 23-26 | U36: MUJER | V36: 2 | W36: 1200 | X36: CORREGIR | Y36: 2 | Z36: 45965 | AA36: =DAY(Tabla1[F. INICIO]) -> 4 | AB36: =TEXT(' En tramite 23-26'!$Z36,"mmmm") -> noviembre | AC36: =YEAR(' En tramite 23-26'!$Z36) -> 2025 | AD36: SI | AE36: 2 | AF36: 45965 | AG36: SI | AH36: 2 | AI36: 45964 | AJ36: =DAY(' En tramite 23-26'!$AI36) -> 3 | AK36: =TEXT(' En tramite 23-26'!$AI36,"mmmm") -> noviembre | AL36: =YEAR(' En tramite 23-26'!$Z36) -> 2025 | AM36: SI | AN36: 2 | AO36: 45964 | AP36: SI | AQ36: 2 | AR36: 46034 | AS36: =' En tramite 23-26'!$AI36+45 -> 46009 | AT36: ENTREGADO | AU36: SI | AV36: 2 | AW36: 46079 | AX36: ENTREGADO | AY36: SI | AZ36: 2 | BA36: 46101 | BB36: SI | BC36: 2 | BD36: 46079 | BE36: =DAY(' En tramite 23-26'!$BD36) -> 26 | BF36: =TEXT(' En tramite 23-26'!$BD36,"mmmm") -> febrero | BG36: =YEAR(' En tramite 23-26'!$BD36) -> 2026 | BH36: 1 | BI36: 3 meses 23 días | BJ36: BLOQUE 1 | BK36: P.P.E.C-BLOQUE 1 | BL36: 46211 | BM36: 2
A37: 034 | B37: 029 | C37: PC06/MATUTINO/029/2026 | D37: RODRIGUEZ ARREOLA MIGUEL | E37: Rodriguez Arreola Miguel | F37: 23422070060 139 | G37: 4426072565 | H37: migelrodriguez196@cecyteq.edu.mx | I37: 5T0-LOG-AM | J37: MATUTINO | K37: LOGÍSTICA | L37: CONCLUIDO | M37: EMPRESA | N37: VICTORIO CHÁVEZ GIRÓN | O37: PEQUEÑAS EMPRESAS | P37: x | Q37: 4422240626 | R37: AV. CIMATARIO NO. 206 COL. LAS PALMAS | S37: sellosgiron@hotmail.com | T37: 23-26 | U37: HOMBRE | V37: 2 | W37: 1200 | X37: CORREGIR | Y37: 2 | Z37: 45965 | AA37: =DAY(Tabla1[F. INICIO]) -> 4 | AB37: =TEXT(' En tramite 23-26'!$Z37,"mmmm") -> noviembre | AC37: =YEAR(' En tramite 23-26'!$Z37) -> 2025 | AD37: SI | AE37: 2 | AF37: 45965 | AG37: SI | AH37: 2 | AI37: 45964 | AJ37: =DAY(' En tramite 23-26'!$AI37) -> 3 | AK37: =TEXT(' En tramite 23-26'!$AI37,"mmmm") -> noviembre | AL37: =YEAR(' En tramite 23-26'!$Z37) -> 2025 | AM37: SI | AN37: 2 | AO37: 45964 | AP37: SI | AQ37: 2 | AR37: 46034 | AS37: =' En tramite 23-26'!$AI37+45 -> 46009 | AT37: ENTREGADO | AU37: SI | AV37: 2 | AW37: 46079 | AX37: ENTREGADO | AY37: SI | AZ37: 2 | BA37: 46079 | BB37: SI | BC37: 2 | BD37: 46079 | BE37: =DAY(' En tramite 23-26'!$BD37) -> 26 | BF37: =TEXT(' En tramite 23-26'!$BD37,"mmmm") -> febrero | BG37: =YEAR(' En tramite 23-26'!$BD37) -> 2026 | BH37: 1 | BI37: 3 meses 23 día | BJ37: BLOQUE 1 | BK37: P.P.E.C-BLOQUE 1 | BL37: 46211 | BM37: 2
A38: 035 | B38: 030 | C38: PC06/MATUTINO/030/2026 | D38: CARRILLO RAMOS HANNA VANESSA | E38: Carrillo Ramos Hanna Vanessa | F38: 23422070060 332 | G38: 4421865631 | H38: hannacarrillo@cecyteq.edu.com | I38: 5T0-MECA-BM | J38: MATUTINO | K38: MECATRÓNICA | L38: CONCLUIDO | M38: EMPRESA | N38: EFICIENCIA EN FRIO AIRE ACONDICIONADO Y REFRIGERACIÓN | O38: PEQUEÑAS EMPRESAS | P38: x | Q38: 4422792072 | R38: AMATISTA NO.79 COL.DIAMANTE | S38: ontelmo.rdz@hotmail.com | T38: 23-26 | U38: MUJER | V38: 1 | W38: N/A | X38: SI | Y38: 2 | Z38: 45964 | AA38: =DAY(Tabla1[F. INICIO]) -> 3 | AB38: =TEXT(' En tramite 23-26'!$Z38,"mmmm") -> noviembre | AC38: =YEAR(' En tramite 23-26'!$Z38) -> 2025 | AD38: SI | AE38: 2 | AF38: 45964 | AG38: SI | AH38: 2 | AI38: 45973 | AJ38: =DAY(' En tramite 23-26'!$AI38) -> 12 | AK38: =TEXT(' En tramite 23-26'!$AI38,"mmmm") -> noviembre | AL38: =YEAR(' En tramite 23-26'!$Z38) -> 2025 | AM38: SI | AN38: 2 | AO38: 12/11/202 | AP38: SI | AQ38: 2 | AR38: 46355 | AS38: =' En tramite 23-26'!$AI38+45 -> 46018 | AT38: ENTREGADO | AU38: SI | AV38: 2 | AW38: 46062 | AX38: ENTREGADO | AY38: SI | AZ38: 2 | BA38: 46062 | BB38: SI | BC38: 2 | BD38: 46062 | BE38: =DAY(' En tramite 23-26'!$BD38) -> 9 | BF38: =TEXT(' En tramite 23-26'!$BD38,"mmmm") -> febrero | BG38: =YEAR(' En tramite 23-26'!$BD38) -> 2026 | BH38: 1 | BI38: 2 meses y 28 días. | BJ38: BLOQUE 1 | BK38: P.P.E.C-BLOQUE 1 | BL38: 46213 | BM38: 2
A39: 036 | B39: 031 | C39: PC06/MATUTINO/031/2026 | D39: VALENCIA GARCÍA LUCIANO GAEL | E39: Valencia García Luciano Gael | F39: 23422070060 273 | G39: 8120263431 | H39: lucianovalencia@cecyteq.edu.mx | I39: 5T0-MECA-BM | J39: MATUTINO | K39: MECATRÓNICA | L39: CONCLUIDO | M39: EMPRESA | N39: EFICIENCIA EN FRIO AIRE ACONDICIONADO Y REFRIGERACIÓN | O39: PEQUEÑAS EMPRESAS | P39: x | Q39: 4422792072 | R39: AMATISTA NO.79 COL.DIAMANTE | S39: ontelmo.rdz@hotmail.com | T39: 23-26 | U39: HOMBRE | V39: 1 | W39: N/A | X39: SI | Y39: 2 | Z39: 45964 | AA39: =DAY(Tabla1[F. INICIO]) -> 3 | AB39: =TEXT(' En tramite 23-26'!$Z39,"mmmm") -> noviembre | AC39: =YEAR(' En tramite 23-26'!$Z39) -> 2025 | AD39: SI | AE39: 2 | AF39: 45964 | AG39: SI | AH39: 2 | AI39: 45973 | AJ39: =DAY(' En tramite 23-26'!$AI39) -> 12 | AK39: =TEXT(' En tramite 23-26'!$AI39,"mmmm") -> noviembre | AL39: =YEAR(' En tramite 23-26'!$Z39) -> 2025 | AM39: SI | AN39: 2 | AO39: 12/11/202 | AP39: SI | AQ39: 2 | AR39: 46355 | AS39: =' En tramite 23-26'!$AI39+45 -> 46018 | AT39: ENTREGADO | AU39: SI | AV39: 2 | AW39: 46062 | AX39: ENTREGADO | AY39: SI | AZ39: 2 | BA39: 46062 | BB39: SI | BC39: 2 | BD39: 46062 | BE39: =DAY(' En tramite 23-26'!$BD39) -> 9 | BF39: =TEXT(' En tramite 23-26'!$BD39,"mmmm") -> febrero | BG39: =YEAR(' En tramite 23-26'!$BD39) -> 2026 | BH39: 1 | BI39: 2 meses y 28 días. | BJ39: BLOQUE 1 | BK39: P.P.E.C-BLOQUE 1 | BL39: 46213 | BM39: 2
A40: 037 | B40: 032 | C40: PC06/MATUTINO/032/2026 | D40: SÁNCHEZ MUÑOZ NÉSTOR YAHEL | E40: Sánchez Muñoz Néstor Yahel | F40: 23422070060 223 | G40: 4424238963 | H40: nestorsanchez12@cecyteq.edu.mx | I40: 5T0-MECA-AMBI | J40: MATUTINO | K40: MECATRÓNICA | L40: CONCLUIDO | M40: CERTIFICACIÓN | N40: CERTIFICACIONES SOLIDWORKS | O40: SECTOR PÚBLICO | P40: CERTIFICACIÓN | Q40: 4423622063 | R40: AV. CANDILES 317., VALLE REAL RECIDENCIAL C.P.76903 CANDILES QRO. | S40: e.armendariz@cecyteq.edu.mx | T40: 23-26 | U40: HOMBRE | V40: 1 | W40: N/A | X40: SI | Y40: 2 | Z40: 45985 | AA40: =DAY(Tabla1[F. INICIO]) -> 24 | AB40: =TEXT(' En tramite 23-26'!$Z40,"mmmm") -> noviembre | AC40: =YEAR(' En tramite 23-26'!$Z40) -> 2025 | AD40: SI | AE40: 2 | AF40: 45985 | AG40: SI | AH40: 2 | AI40: 45992 | AJ40: =DAY(' En tramite 23-26'!$AI40) -> 1 | AK40: =TEXT(' En tramite 23-26'!$AI40,"mmmm") -> diciembre | AL40: =YEAR(' En tramite 23-26'!$Z40) -> 2025 | AM40: SI | AN40: 2 | AO40: 45992 | AP40: SI | AQ40: 2 | AR40: 46037 | AS40: =' En tramite 23-26'!$AI40+45 -> 46037 | AT40: ENTREGADO | AU40: SI | AV40: 2 | AW40: 46099 | AX40: ENTREGADO | AY40: SI | AZ40: 2 | BA40: 46099 | BB40: SI | BC40: 2 | BD40: 46099 | BE40: =DAY(' En tramite 23-26'!$BD40) -> 18 | BF40: =TEXT(' En tramite 23-26'!$BD40,"mmmm") -> marzo | BG40: =YEAR(' En tramite 23-26'!$BD40) -> 2026 | BH40: 1 | BI40: 3 meses y 22 días. | BJ40: BLOQUE 1 | BK40: P.P.E.C-BLOQUE 1 | BL40: 46238 | BM40: 2
A41: 038 | B41: 033 | C41: PC06/MATUTINO/033/2026 | D41: RODRÍGUEZ FLORES EFRAIN ASAHEL | E41: Rodríguez Flores Efrain Asahel | F41: 23422070060 263 | G41: 4421812232 | H41: efrainrodriguez7@cecyteq.edu.mx | I41: 5T0-MECA-AMBI | J41: MATUTINO | K41: MECATRÓNICA | L41: CONCLUIDO | M41: CERTIFICACIÓN | N41: CERTIFICACIONES SOLIDWORKS | O41: SECTOR PÚBLICO | P41: CERTIFICACIÓN | Q41: 4423622063 | R41: AV. CANDILES 317., VALLE REAL RECIDENCIAL C.P.76903 CANDILES QRO. | S41: e.armendariz@cecyteq.edu.mx | T41: 23-26 | U41: HOMBRE | V41: 1 | W41: N/A | X41: SI | Y41: 2 | Z41: 45985 | AA41: =DAY(Tabla1[F. INICIO]) -> 24 | AB41: =TEXT(' En tramite 23-26'!$Z41,"mmmm") -> noviembre | AC41: =YEAR(' En tramite 23-26'!$Z41) -> 2025 | AD41: SI | AE41: 2 | AF41: 45985 | AG41: SI | AH41: 2 | AI41: 45985 | AJ41: =DAY(' En tramite 23-26'!$AI41) -> 24 | AK41: =TEXT(' En tramite 23-26'!$AI41,"mmmm") -> noviembre | AL41: =YEAR(' En tramite 23-26'!$Z41) -> 2025 | AM41: SI | AN41: 2 | AO41: 45986 | AP41: SI | AQ41: 2 | AR41: 46071 | AS41: =' En tramite 23-26'!$AI41+45 -> 46030 | AT41: ENTREGADO | AU41: SI | AV41: 2 | AW41: 46105 | AX41: ENTREGADO | AY41: SI | AZ41: 2 | BA41: 46105 | BB41: SI | BC41: 2 | BD41: 46105 | BE41: =DAY(' En tramite 23-26'!$BD41) -> 24 | BF41: =TEXT(' En tramite 23-26'!$BD41,"mmmm") -> marzo | BG41: =YEAR(' En tramite 23-26'!$BD41) -> 2026 | BH41: 1 | BI41: 4 meses | BJ41: BLOQUE 1 | BK41: P.P.E.C-BLOQUE 1 | BL41: 46211 | BM41: 2
A42: 039 | B42: 034 | C42: PC06/MATUTINO/034/2026 | D42: LÓPEZ BOCANEGRA EDGAR | E42: López Bocanegra Edgar | F42: 23422070060 209 | G42: 4426068107 | H42: edgarlopez126@cecyteq.edu.mx | I42: 5T0-MECA-AMBI | J42: MATUTINO | K42: MECATRÓNICA | L42: CONCLUIDO | M42: CERTIFICACIÓN | N42: CERTIFICACIONES SOLIDWORKS | O42: SECTOR PÚBLICO | P42: CERTIFICACIÓN | Q42: 4421350214 | R42: AV. CANDILES 317., VALLE REAL RECIDENCIAL C.P.76903 CANDILES QRO. | S42: e.armendariz@cecyteq.edu.mx | T42: 23-26 | U42: HOMBRE | V42: 1 | W42: N/A | X42: SI | Y42: 2 | Z42: 45985 | AA42: =DAY(Tabla1[F. INICIO]) -> 24 | AB42: =TEXT(' En tramite 23-26'!$Z42,"mmmm") -> noviembre | AC42: =YEAR(' En tramite 23-26'!$Z42) -> 2025 | AD42: SI | AE42: 2 | AF42: 45985 | AG42: SI | AH42: 2 | AI42: 45989 | AJ42: =DAY(' En tramite 23-26'!$AI42) -> 28 | AK42: =TEXT(' En tramite 23-26'!$AI42,"mmmm") -> noviembre | AL42: =YEAR(' En tramite 23-26'!$Z42) -> 2025 | AM42: SI | AN42: 2 | AO42: 45989 | AP42: SI | AQ42: 2 | AR42: 46034 | AS42: =' En tramite 23-26'!$AI42+45 -> 46034 | AT42: ENTREGADO | AU42: SI | AV42: 2 | AW42: =' En tramite 23-26'!$AS42+45 -> 46079 | AX42: ENTREGADO | AY42: SI | AZ42: 2 | BA42: 46079 | BB42: SI | BC42: 2 | BD42: 46079 | BE42: =DAY(' En tramite 23-26'!$BD42) -> 26 | BF42: =TEXT(' En tramite 23-26'!$BD42,"mmmm") -> febrero | BG42: =YEAR(' En tramite 23-26'!$BD42) -> 2026 | BH42: 1 | BI42: 2 meses 30 días | BJ42: BLOQUE 1 | BK42: P.P.E.C-BLOQUE 1 | BL42: 46211 | BM42: 2
A43: 040 | B43: 035 | C43: PC06/MATUTINO/035/2026 | D43: CÓRDOVA RODRÍGUEZ JESÚS RICARDO | E43: Córdova Rodríguez Jesús Ricardo | F43: 23422070060 484 | G43: 4423172660 | H43: jesuscordova45@cecyteq.edu.mx | I43: 5T0-PROG-AM | J43: MATUTINO | K43: PROGRAMACIÓN | L43: CONCLUIDO | M43: PROYECTO | N43: CECYTEQ-PLANTEL 6 CORREGIDORA | O43: SECTOR PÚBLICO | P43: PROYECTO BASE DE DATOS CLINICA | Q43: 4421561235 | R43: AV. CANDILES 317., VALLE REAL RECIDENCIAL C.P.76903 CANDILES QRO. | S43: yadira.f@cecyteq.edu.mx | T43: 23-26 | U43: HOMBRE | V43: 1 | W43: N/A | X43: SI | Y43: 2 | Z43: 45901 | AA43: =DAY(Tabla1[F. INICIO]) -> 1 | AB43: =TEXT(' En tramite 23-26'!$Z43,"mmmm") -> septiembre | AC43: =YEAR(' En tramite 23-26'!$Z43) -> 2025 | AD43: SI | AE43: 2 | AF43: 45901 | AG43: SI | AH43: 2 | AI43: 45901 | AJ43: =DAY(' En tramite 23-26'!$AI43) -> 1 | AK43: =TEXT(' En tramite 23-26'!$AI43,"mmmm") -> septiembre | AL43: =YEAR(' En tramite 23-26'!$Z43) -> 2025 | AM43: SI | AN43: 2 | AO43: 45901 | AP43: SI | AQ43: 2 | AR43: 45947 | AS43: =' En tramite 23-26'!$AI43+45 -> 45946 | AT43: ENTREGADO | AU43: SI | AV43: 2 | AW43: 45996 | AX43: ENTREGADO | AY43: SI | AZ43: 2 | BA43: 45996 | BB43: SI | BC43: 2 | BD43: 45996 | BE43: =DAY(' En tramite 23-26'!$BD43) -> 5 | BF43: =TEXT(' En tramite 23-26'!$BD43,"mmmm") -> diciembre | BG43: =YEAR(' En tramite 23-26'!$BD43) -> 2025 | BH43: 1 | BI43: 3 meses 4 días | BJ43: BLOQUE 1 | BK43: P.P.E.C-BLOQUE 1 | BL43: 46213 | BM43: 2
A44: 041 | B44: 036 | C44: PC06/MATUTINO/036/2026 | D44: RAMIREZ BASALDÚA EMMANUEL JOSAFAT | E44: Ramirez Basaldúa Emmanuel Josafat | F44: 23422070060 136 | G44: 4428659889 | H44: emmanuelramirez41@cecyteq.edu.mx | I44: 5T0-LOG-AM | J44: MATUTINO | K44: LOGÍSTICA | L44: CONCLUIDO | M44: INSTITUCIÓN | N44: CAM DIRECCIÓN DE INSPECCIÓN | O44: SECTOR PÚBLICO | P44: x | Q44: 4424743859 | R44: EX. HACENDA EL CERRITO NO. 100 EL PUEBLITO | S44: joslirma@hotmail.com | T44: 23-26 | U44: HOMBRE | V44: 1 | W44: N/A | X44: SI | Y44: 2 | Z44: 45979 | AA44: =DAY(Tabla1[F. INICIO]) -> 18 | AB44: =TEXT(' En tramite 23-26'!$Z44,"mmmm") -> noviembre | AC44: =YEAR(' En tramite 23-26'!$Z44) -> 2025 | AD44: SI | AE44: 2 | AF44: 45979 | AG44: SI | AH44: 2 | AI44: 46371 | AJ44: =DAY(' En tramite 23-26'!$AI44) -> 15 | AK44: =TEXT(' En tramite 23-26'!$AI44,"mmmm") -> diciembre | AL44: =YEAR(' En tramite 23-26'!$Z44) -> 2025 | AM44: SI | AN44: 2 | AO44: 46006 | AP44: SI | AQ44: 2 | AR44: 46065 | AS44: =' En tramite 23-26'!$AI44+45 -> 46416 | AT44: ENTREGADO | AU44: SI | AV44: 2 | AW44: 46113 | AX44: ENTREGADO | AY44: SI | AZ44: 2 | BA44: 46113 | BB44: SI | BC44: 2 | BD44: 46113 | BE44: =DAY(' En tramite 23-26'!$BD44) -> 1 | BF44: =TEXT(' En tramite 23-26'!$BD44,"mmmm") -> abril | BG44: =YEAR(' En tramite 23-26'!$BD44) -> 2026 | BH44: 1 | BI44: 3 meses y 17 días. | BJ44: BLOQUE 1 | BK44: P.P.E.C-BLOQUE 1
A45: 042 | B45: 037 | C45: PC06/MATUTINO/037/2026 | D45: CABRERA GARCÍA ÁNGEL | E45: Cabrera García Ángel | F45: 23422070060 099 | G45: 4426016929 | H45: angelcabrera1@cecyteq.edu.mx | I45: 5T0-LOG-AM | J45: MATUTINO | K45: LOGÍSTICA | L45: CONCLUIDO | M45: INSTITUCIÓN | N45: CAM DIRECCIÓN DE INSPECCIÓN | O45: SECTOR PÚBLICO | P45: x | Q45: 4424743859 | R45: EX. HACENDA EL CERRITO NO. 100 EL PUEBLITO | S45: joslirma@hotmail.com | T45: 23-26 | U45: HOMBRE | V45: 1 | W45: N/A | X45: SI | Y45: 2 | Z45: 45979 | AA45: =DAY(Tabla1[F. INICIO]) -> 18 | AB45: =TEXT(' En tramite 23-26'!$Z45,"mmmm") -> noviembre | AC45: =YEAR(' En tramite 23-26'!$Z45) -> 2025 | AD45: SI | AE45: 2 | AF45: 45979 | AG45: SI | AH45: 2 | AI45: 46006 | AJ45: =DAY(' En tramite 23-26'!$AI45) -> 15 | AK45: =TEXT(' En tramite 23-26'!$AI45,"mmmm") -> diciembre | AL45: =YEAR(' En tramite 23-26'!$Z45) -> 2025 | AM45: SI | AN45: 46003 | AO45: 46006 | AP45: SI | AQ45: 2 | AR45: 46065 | AS45: =' En tramite 23-26'!$AI45+45 -> 46051 | AT45: ENTREGADO | AU45: SI | AV45: 2 | AW45: 46113 | AX45: ENTREGADO | AY45: SI | AZ45: 2 | BA45: 46113 | BB45: SI | BC45: 2 | BD45: 46113 | BE45: =DAY(' En tramite 23-26'!$BD45) -> 1 | BF45: =TEXT(' En tramite 23-26'!$BD45,"mmmm") -> abril | BG45: =YEAR(' En tramite 23-26'!$BD45) -> 2026 | BH45: 1 | BI45: 3 meses y 17 días. | BJ45: BLOQUE 1 | BK45: P.P.E.C-BLOQUE 1
A46: 043 | B46: 038 | C46: PC06/MATUTINO/038/2026 | D46: GUILLEN ORTEGA DILAN ALEXANDER | E46: Guillen Ortega Dilan Alexander | F46: 23422070820 167 | G46: 4423472213 | H46: 23422070820167@cecyteq.edu.mx | I46: 5T0-PGA-AM | J46: MATUTINO | K46: PROCESOS DE GESTIÓN ADMINISTRATIVA | L46: CONCLUIDO | M46: EMPRESA | N46: COLONOS DE COMPLEJO INDUSTRIAL BALVANERA, A.C. | O46: SECTOR SOCIAL | P46: x | Q46: 4423952357 | R46: DON. JOSE 37 COL.BALVANERA, QUERETARO | S46: colonosbalvaneraac@gmail.com | T46: 23-26 | U46: HOMBRE | V46: 1 | W46: N/A | X46: SI | Y46: 2 | Z46: 46035 | AA46: =DAY(Tabla1[F. INICIO]) -> 13 | AB46: =TEXT(' En tramite 23-26'!$Z46,"mmmm") -> enero | AC46: =YEAR(' En tramite 23-26'!$Z46) -> 2026 | AD46: SI | AE46: 2 | AF46: 46035 | AG46: SI | AH46: 2 | AI46: 46036 | AJ46: =DAY(' En tramite 23-26'!$AI46) -> 14 | AK46: =TEXT(' En tramite 23-26'!$AI46,"mmmm") -> enero | AL46: =YEAR(' En tramite 23-26'!$Z46) -> 2026 | AM46: SI | AN46: 2 | AO46: 46035 | AP46: SI | AQ46: 2 | AR46: 46079 | AS46: =' En tramite 23-26'!$AI46+45 -> 46081 | AT46: ENTREGADO | AU46: SI | AV46: 2 | AW46: 46153 | AX46: ENTREGADO | AY46: SI | AZ46: 2 | BA46: 46153 | BB46: SI | BC46: 2 | BD46: 46153 | BE46: =DAY(' En tramite 23-26'!$BD46) -> 11 | BF46: =TEXT(' En tramite 23-26'!$BD46,"mmmm") -> mayo | BG46: =YEAR(' En tramite 23-26'!$BD46) -> 2026 | BH46: 1 | BI46: 3 meses y 27 días. | BJ46: BLOQUE 1 | BK46: P.P.E.C-BLOQUE 1 | BL46: 46245 | BM46: 2
A47: 044 | B47: 039 | C47: PC06/VESPERTINO/039/2026 | D47: CRUZ CAMACHO ARTURO | E47: Cruz Camacho Arturo | F47: 23422070060 527 | G47: 4422589503 | H47: arturocruz21@cecyteq.edu.mx | I47: 5T0-PROG-AM | J47: VESPERTINO | K47: PROGRAMACIÓN | L47: CONCLUIDO | M47: INSTITUCIÓN | N47: USEBEBQ | O47: SECTOR PÚBLICO | P47: x | Q47: 4422386060 | R47: AV. MAGISTERIO NO. 1000, COLINAS DEL CIMATARIO | S47: serviciosocial@usebeq.edu.mx | T47: 23-26 | U47: HOMBRE | V47: 1 | W47: N/A | X47: SI | Y47: 2 | Z47: 45981 | AA47: =DAY(Tabla1[F. INICIO]) -> 20 | AB47: =TEXT(' En tramite 23-26'!$Z47,"mmmm") -> noviembre | AC47: =YEAR(' En tramite 23-26'!$Z47) -> 2025 | AD47: SI | AE47: 2 | AF47: 45981 | AG47: SI | AH47: 2 | AI47: 45982 | AJ47: =DAY(' En tramite 23-26'!$AI47) -> 21 | AK47: =TEXT(' En tramite 23-26'!$AI47,"mmmm") -> noviembre | AL47: =YEAR(' En tramite 23-26'!$Z47) -> 2025 | AM47: SI | AN47: 2 | AO47: 45982 | AP47: SI | AQ47: 2 | AR47: 46043 | AS47: =' En tramite 23-26'!$AI47+45 -> 46027 | AT47: ENTREGADO | AU47: SI | AV47: 2 | AW47: 46076 | AX47: ENTREGADO | AY47: SI | AZ47: 2 | BA47: 46076 | BB47: SI | BC47: 2 | BD47: 46076 | BE47: =DAY(' En tramite 23-26'!$BD47) -> 23 | BF47: =TEXT(' En tramite 23-26'!$BD47,"mmmm") -> febrero | BG47: =YEAR(' En tramite 23-26'!$BD47) -> 2026 | BH47: 1 | BI47: 3 meses 2 días | BJ47: BLOQUE 1 | BK47: P.P.E.C-BLOQUE 1 | BL47: 46211 | BM47: 2
A48: 045 | B48: 040 | C48: PC06/VESPERTINO/040/2026 | D48: URIBE LUNA JORGE UZIEL | E48: Uribe Luna Jorge Uziel | F48: 23422070060 563 | G48: 4462597572 | H48: jorgeuribe3@cecyteq.edu.mx | I48: 5T0-PROG-AM | J48: VESPERTINO | K48: PROGRAMACIÓN | L48: CONCLUIDO | M48: INSTITUCIÓN | N48: USEBEBQ | O48: SECTOR PÚBLICO | P48: x | Q48: 4422386060 | R48: AV. MAGISTERIO NO. 1000, COLINAS DEL CIMATARIO | S48: serviciosocial@usebeq.edu.mx | T48: 23-26 | U48: HOMBRE | V48: 1 | W48: N/A | X48: SI | Y48: 2 | Z48: 45981 | AA48: =DAY(Tabla1[F. INICIO]) -> 20 | AB48: =TEXT(' En tramite 23-26'!$Z48,"mmmm") -> noviembre | AC48: =YEAR(' En tramite 23-26'!$Z48) -> 2025 | AD48: SI | AE48: 2 | AF48: 45981 | AG48: SI | AH48: 2 | AI48: 45982 | AJ48: =DAY(' En tramite 23-26'!$AI48) -> 21 | AK48: =TEXT(' En tramite 23-26'!$AI48,"mmmm") -> noviembre | AL48: =YEAR(' En tramite 23-26'!$Z48) -> 2025 | AM48: SI | AN48: 2 | AO48: 45982 | AP48: SI | AQ48: 2 | AR48: 46043 | AS48: =' En tramite 23-26'!$AI48+45 -> 46027 | AT48: ENTREGADO | AU48: SI | AV48: 2 | AW48: 46076 | AX48: ENTREGADO | AY48: SI | AZ48: 2 | BA48: 46076 | BB48: SI | BC48: 2 | BD48: 46076 | BE48: =DAY(' En tramite 23-26'!$BD48) -> 23 | BF48: =TEXT(' En tramite 23-26'!$BD48,"mmmm") -> febrero | BG48: =YEAR(' En tramite 23-26'!$BD48) -> 2026 | BH48: 1 | BI48: 3 meses 2 días | BJ48: BLOQUE 1 | BK48: P.P.E.C-BLOQUE 1 | BL48: 46211 | BM48: 2
A49: 046 | B49: 041 | C49: PC06/VESPERTINO/041/2026 | D49: LÓPEZ HERNÁNDEZ ABRAHAM | E49: López Hernández Abraham | F49: 23422070060 542 | G49: 4421792200 | H49: abrahamlopez1@cecyteq.edu.mx | I49: 5T0-PROG-AV | J49: VESPERTINO | K49: PROGRAMACIÓN | L49: CONCLUIDO | M49: INSTITUCIÓN | N49: USEBEBQ | O49: SECTOR PÚBLICO | P49: x | Q49: 4422386060 | R49: AV. MAGISTERIO NO. 1000, COLINAS DEL CIMATARIO | S49: serviciosocial@usebeq.edu.mx | T49: 23-26 | U49: HOMBRE | V49: 1 | W49: N/A | X49: SI | Y49: 2 | Z49: 45981 | AA49: =DAY(Tabla1[F. INICIO]) -> 20 | AB49: =TEXT(' En tramite 23-26'!$Z49,"mmmm") -> noviembre | AC49: =YEAR(' En tramite 23-26'!$Z49) -> 2025 | AD49: SI | AE49: 2 | AF49: 45981 | AG49: SI | AH49: 2 | AI49: 45982 | AJ49: =DAY(' En tramite 23-26'!$AI49) -> 21 | AK49: =TEXT(' En tramite 23-26'!$AI49,"mmmm") -> noviembre | AL49: =YEAR(' En tramite 23-26'!$Z49) -> 2025 | AM49: SI | AN49: 2 | AO49: 45982 | AP49: SI | AQ49: 2 | AR49: 46043 | AS49: =' En tramite 23-26'!$AI49+45 -> 46027 | AT49: ENTREGADO | AU49: SI | AV49: 2 | AW49: 46076 | AX49: ENTREGADO | AY49: SI | AZ49: 2 | BA49: 46076 | BB49: SI | BC49: 2 | BD49: 46076 | BE49: =DAY(' En tramite 23-26'!$BD49) -> 23 | BF49: =TEXT(' En tramite 23-26'!$BD49,"mmmm") -> febrero | BG49: =YEAR(' En tramite 23-26'!$BD49) -> 2026 | BH49: 1 | BI49: 3 meses 2 días | BJ49: BLOQUE 1 | BK49: P.P.E.C-BLOQUE 1 | BL49: 46211 | BM49: 2
A50: 047 | B50: 042 | C50: PC06/MATUTINO/042/2026 | D50: MARTÍNEZ GARCÍA KARLA YAZMIN | E50: Martínez García Karla Yazmin | F50: 23422070060 215 | G50: 4424074868 | H50: karlamartinez209@cecyteq.edu.mx | I50: 5T0-MECA-AMBI | J50: MATUTINO | K50: MECATRÓNICA | L50: CONCLUIDO | M50: CERTIFICACIÓN | N50: CERTIFICACIONES SOLIDWORKS | O50: SECTOR PÚBLICO | P50: CERTIFICACIÓN | Q50: 4423622063 | R50: AV. CANDILES 317., VALLE REAL RECIDENCIAL C.P.76903 CANDILES QRO. | S50: e.armendariz@cecyteq.edu.mx | T50: 23-26 | U50: MUJER | V50: 1 | W50: N/A | X50: SI | Y50: 2 | Z50: 45985 | AA50: =DAY(Tabla1[F. INICIO]) -> 24 | AB50: =TEXT(' En tramite 23-26'!$Z50,"mmmm") -> noviembre | AC50: =YEAR(' En tramite 23-26'!$Z50) -> 2025 | AD50: SI | AE50: 2 | AF50: 45985 | AG50: SI | AH50: 2 | AI50: 45985 | AJ50: =DAY(' En tramite 23-26'!$AI50) -> 24 | AK50: =TEXT(' En tramite 23-26'!$AI50,"mmmm") -> noviembre | AL50: =YEAR(' En tramite 23-26'!$Z50) -> 2025 | AM50: SI | AN50: 2 | AO50: 45985 | AP50: SI | AQ50: 2 | AR50: 46047 | AS50: =' En tramite 23-26'!$AI50+45 -> 46030 | AT50: ENTREGADO | AU50: SI | AV50: 2 | AW50: =' En tramite 23-26'!$AS50+45 -> 46075 | AX50: ENTREGADO | AY50: SI | AZ50: 2 | BA50: 46099 | BB50: SI | BC50: 2 | BD50: 46099 | BE50: =DAY(' En tramite 23-26'!$BD50) -> 18 | BF50: =TEXT(' En tramite 23-26'!$BD50,"mmmm") -> marzo | BG50: =YEAR(' En tramite 23-26'!$BD50) -> 2026 | BH50: 1 | BI50: 3 meses 22 días | BJ50: BLOQUE 1 | BK50: P.P.E.C-BLOQUE 1 | BL50: 46238 | BM50: 2
A51: 048 | B51: 043 | C51: PC06/MATUTINO/043/2026 | D51: JIMÉNEZ ESPARZA PABLO ULISES | E51: Jiménez Esparza Pablo Ulises | F51: 23422070060 581 | G51: 4427811801 | H51: pablojimenez9@cecyteq.edu.mx | I51: 5T0-PGA-AM | J51: MATUTINO | K51: PROCESOS DE GESTIÓN ADMINISTRATIVA | L51: CONCLUIDO | M51: EMPRESA | N51: TÉCNICOS ASOCIADOS | O51: PEQUEÑAS EMPRESAS | P51: x | Q51: 4422127149 | R51: JUANA DE ARCO NO.34 COL. LINDA VISTA | S51: tecnicos_asociados88@hotmail.com | T51: 23-26 | U51: HOMBRE | V51: 1 | W51: N/A | X51: SI | Y51: 2 | Z51: 45986 | AA51: =DAY(Tabla1[F. INICIO]) -> 25 | AB51: =TEXT(' En tramite 23-26'!$Z51,"mmmm") -> noviembre | AC51: =YEAR(' En tramite 23-26'!$Z51) -> 2025 | AD51: SI | AE51: 2 | AF51: 45986 | AG51: SI | AH51: 2 | AI51: 45996 | AJ51: =DAY(' En tramite 23-26'!$AI51) -> 5 | AK51: =TEXT(' En tramite 23-26'!$AI51,"mmmm") -> diciembre | AL51: =YEAR(' En tramite 23-26'!$Z51) -> 2025 | AM51: SI | AN51: 2 | AO51: 45996 | AP51: SI | AQ51: 2 | AR51: 46041 | AS51: =' En tramite 23-26'!$AI51+45 -> 46041 | AT51: ENTREGADO | AU51: SI | AV51: 2 | AW51: =' En tramite 23-26'!$AS51+45 -> 46086 | AX51: ENTREGADO | AY51: SI | AZ51: 2 | BA51: 46086 | BB51: SI | BC51: 2 | BD51: 46086 | BE51: =DAY(' En tramite 23-26'!$BD51) -> 5 | BF51: =TEXT(' En tramite 23-26'!$BD51,"mmmm") -> marzo | BG51: =YEAR(' En tramite 23-26'!$BD51) -> 2026 | BH51: 1 | BI51: 3 meses 0 días | BJ51: BLOQUE 1 | BK51: P.P.E.C-BLOQUE 1
A52: 049 | B52: 043 | C52: PC06/MATUTINO/044/2026 | D52: RAMÍREZ ACOSTA ALAN | E52: Ramírez Acosta Alan | F52: 23422070060 513 | G52: 771-323-1631 | H52: alanramirez9@cecyteq.edu.mx | I52: 5T0-PGA-AM | J52: MATUTINO | K52: PROCESOS DE GESTIÓN ADMINISTRATIVA | L52: CONCLUIDO | M52: EMPRESA | N52: TÉCNICOS ASOCIADOS | O52: PEQUEÑAS EMPRESAS | P52: x | Q52: 4422127149 | R52: JUANA DE ARCO NO.34 COL. LINDA VISTA | S52: tecnicos_asociados88@hotmail.com | T52: 23-26 | U52: HOMBRE | V52: 1 | W52: N/A | X52: SI | Y52: 2 | Z52: 45986 | AA52: =DAY(Tabla1[F. INICIO]) -> 25 | AB52: =TEXT(' En tramite 23-26'!$Z52,"mmmm") -> noviembre | AC52: =YEAR(' En tramite 23-26'!$Z52) -> 2025 | AD52: SI | AE52: 2 | AF52: 45986 | AG52: SI | AH52: 2 | AI52: 45996 | AJ52: =DAY(' En tramite 23-26'!$AI52) -> 5 | AK52: =TEXT(' En tramite 23-26'!$AI52,"mmmm") -> diciembre | AL52: =YEAR(' En tramite 23-26'!$Z52) -> 2025 | AM52: SI | AN52: 2 | AO52: 45996 | AP52: SI | AQ52: 2 | AR52: 46041 | AS52: =' En tramite 23-26'!$AI52+45 -> 46041 | AT52: ENTREGADO | AU52: SI | AV52: 2 | AW52: =' En tramite 23-26'!$AS52+45 -> 46086 | AX52: ENTREGADO | AY52: SI | AZ52: 2 | BA52: 46086 | BB52: SI | BC52: 2 | BD52: 46086 | BE52: =DAY(' En tramite 23-26'!$BD52) -> 5 | BF52: =TEXT(' En tramite 23-26'!$BD52,"mmmm") -> marzo | BG52: =YEAR(' En tramite 23-26'!$BD52) -> 2026 | BH52: 1 | BI52: 3 meses 0 días | BJ52: BLOQUE 1 | BK52: P.P.E.C-BLOQUE 1
A53: 050 | B53: 045 | C53: PC06/MATUTINO/045/2026 | D53: GÓMEZ CAMACHO DIEGO | E53: Gómez Camacho Diego | F53: 23422070060 202 | G53: 4424665765 | H53: diegogomez59@cecyteq.edu.mx | I53: 5T0-MECA-AMBI | J53: MATUTINO | K53: MECATRÓNICA | L53: CONCLUIDO | M53: INSTITUCIÓN | N53: ESCUELA PRIMARIA JAIME TORRES BODET | O53: SECTOR PÚBLICO | P53: x | Q53: 4464091385 | R53: AV. 3C S/N LOMAS DE CASA BLANCA | S53: 22dpro404a@usebeq.edu.mx | T53: 23-26 | U53: HOMBRE | V53: 1 | W53: N/A | X53: SI | Y53: 2 | Z53: 45917 | AA53: =DAY(Tabla1[F. INICIO]) -> 17 | AB53: =TEXT(' En tramite 23-26'!$Z53,"mmmm") -> septiembre | AC53: =YEAR(' En tramite 23-26'!$Z53) -> 2025 | AD53: SI | AE53: 2 | AF53: 45917 | AG53: SI | AH53: 45918 | AI53: 45918 | AJ53: =DAY(' En tramite 23-26'!$AI53) -> 18 | AK53: =TEXT(' En tramite 23-26'!$AI53,"mmmm") -> septiembre | AL53: =YEAR(' En tramite 23-26'!$Z53) -> 2025 | AM53: SI | AN53: 2 | AO53: 45918 | AP53: SI | AQ53: 2 | AR53: 45964 | AS53: =' En tramite 23-26'!$AI53+45 -> 45963 | AT53: ENTREGADO | AU53: SI | AV53: 2 | AW53: 46009 | AX53: ENTREGADO | AY53: SI | AZ53: 2 | BA53: 46009 | BB53: SI | BC53: 2 | BD53: 46009 | BE53: =DAY(' En tramite 23-26'!$BD53) -> 18 | BF53: =TEXT(' En tramite 23-26'!$BD53,"mmmm") -> diciembre | BG53: =YEAR(' En tramite 23-26'!$BD53) -> 2025 | BH53: 1 | BI53: 3 meses 0 días | BJ53: BLOQUE 1 | BK53: P.P.E.C-BLOQUE 1
A54: 051 | B54: 046 | C54: PC06/MATUTINO/046/2026 | D54: PETRILLI ESTRADA LELANI YURITEI | E54: Petrilli Estrada Lelani Yuritei | F54: 23422070060 082 | G54: 4426019300 | H54: leilanipetrilli@cecyteq.edu.mx | I54: 5T0-BIO-AM | J54: MATUTINO | K54: BIOTECNOLOGÍA | L54: CONCLUIDO | M54: INSTITUCIÓN | N54: ESCUELA PRIMARIA JAIME TORRES BODET | O54: SECTOR PÚBLICO | P54: x | Q54: 4464091385 | R54: AV. 3C S/N LOMAS DE CASA BLANCA | S54: 22dpro404a@usebeq.edu.mx | T54: 23-26 | U54: MUJER | V54: 1 | W54: N/A | X54: SI | Y54: 2 | Z54: 45917 | AA54: =DAY(Tabla1[F. INICIO]) -> 17 | AB54: =TEXT(' En tramite 23-26'!$Z54,"mmmm") -> septiembre | AC54: =YEAR(' En tramite 23-26'!$Z54) -> 2025 | AD54: SI | AE54: 2 | AF54: 45917 | AG54: SI | AH54: 45918 | AI54: 45918 | AJ54: =DAY(' En tramite 23-26'!$AI54) -> 18 | AK54: =TEXT(' En tramite 23-26'!$AI54,"mmmm") -> septiembre | AL54: =YEAR(' En tramite 23-26'!$Z54) -> 2025 | AM54: SI | AN54: 2 | AO54: 45917 | AP54: SI | AQ54: 2 | AR54: 45964 | AS54: =' En tramite 23-26'!$AI54+45 -> 45963 | AT54: ENTREGADO | AU54: SI | AV54: 2 | AW54: 46009 | AX54: ENTREGADO | AY54: SI | AZ54: 2 | BA54: 46009 | BB54: SI | BC54: 2 | BD54: 46009 | BE54: =DAY(' En tramite 23-26'!$BD54) -> 18 | BF54: =TEXT(' En tramite 23-26'!$BD54,"mmmm") -> diciembre | BG54: =YEAR(' En tramite 23-26'!$BD54) -> 2025 | BH54: 1 | BI54: 3 meses 0 días | BJ54: BLOQUE 1 | BK54: P.P.E.C-BLOQUE 1
A55: 052 | B55: 047 | C55: PC06/VESPERTINO/047/2026 | D55: TIMOTEO PÉREZ MATEO JUDÁ | E55: Timoteo Pérez Mateo Judá | F55: 23422070060 613 | G55: 4421057923 | H55: mateo.t@cecyteq.edu.mx | I55: 5T0-MECA-AV | J55: VESPERTINO | K55: MECATRÓNICA | L55: CONCLUIDO | M55: EMPRESA | N55: SIEMENS S.A. DE C.V | O55: MEDIANAS EMPRESAS | P55: x | Q55: N/A | R55: CIR. BALBANERA Y CARR. LIBRE A CELAYA 76908 | S55: N/A | T55: 23-26 | U55: HOMBRE | V55: 1 | W55: N/A | X55: SI | Y55: 2 | Z55: 45882 | AA55: =DAY(Tabla1[F. INICIO]) -> 13 | AB55: =TEXT(' En tramite 23-26'!$Z55,"mmmm") -> agosto | AC55: =YEAR(' En tramite 23-26'!$Z55) -> 2025 | AD55: SI | AE55: 2 | AF55: 45882 | AG55: SI | AH55: 2 | AI55: 45882 | AJ55: =DAY(' En tramite 23-26'!$AI55) -> 13 | AK55: =TEXT(' En tramite 23-26'!$AI55,"mmmm") -> agosto | AL55: =YEAR(' En tramite 23-26'!$Z55) -> 2025 | AM55: SI | AN55: 2 | AO55: 46247 | AP55: SI | AQ55: 2 | AR55: 45929 | AS55: =' En tramite 23-26'!$AI55+45 -> 45927 | AT55: ENTREGADO | AU55: SI | AV55: 2 | AW55: 46035 | AX55: ENTREGADO | AY55: SI | AZ55: 2 | BA55: 46035 | BB55: SI | BC55: 2 | BD55: 46035 | BE55: =DAY(' En tramite 23-26'!$BD55) -> 13 | BF55: =TEXT(' En tramite 23-26'!$BD55,"mmmm") -> enero | BG55: =YEAR(' En tramite 23-26'!$BD55) -> 2026 | BH55: 1 | BI55: 5 meses y 0 días | BJ55: BLOQUE 1 | BK55: P.P.E.C-BLOQUE 1 | BL55: 46212 | BM55: 2
A56: 053 | B56: 048 | C56: PC06/VESPERTINO/048/2026 | D56: GARCIA OLVERA ANTONIO MAXIMILIANO | E56: Garcia Olvera Antonio Maximiliano | F56: 23422070060 611 | G56: 4428145289 | H56: antoniogarcia56@cecyteq.edu.mx | I56: 5T0-MECA-AV | J56: VESPERTINO | K56: MECATRÓNICA | L56: CONCLUIDO | M56: EMPRESA | N56: SIEMENS S.A. DE C.V | O56: MEDIANAS EMPRESAS | P56: x | Q56: N/A | R56: CIR. BALBANERA Y CARR. LIBRE A CELAYA 76908 | S56: N/A | T56: 23-26 | U56: HOMBRE | V56: 1 | W56: N/A | X56: SI | Y56: 2 | Z56: 45882 | AA56: =DAY(Tabla1[F. INICIO]) -> 13 | AB56: =TEXT(' En tramite 23-26'!$Z56,"mmmm") -> agosto | AC56: =YEAR(' En tramite 23-26'!$Z56) -> 2025 | AD56: SI | AE56: 2 | AF56: 45882 | AG56: SI | AH56: 2 | AI56: 45882 | AJ56: =DAY(' En tramite 23-26'!$AI56) -> 13 | AK56: =TEXT(' En tramite 23-26'!$AI56,"mmmm") -> agosto | AL56: =YEAR(' En tramite 23-26'!$Z56) -> 2025 | AM56: SI | AN56: 2 | AO56: 45882 | AP56: SI | AQ56: 2 | AR56: 46294 | AS56: =' En tramite 23-26'!$AI56+45 -> 45927 | AT56: ENTREGADO | AU56: SI | AV56: 2 | AW56: 46035 | AX56: ENTREGADO | AY56: SI | AZ56: 2 | BA56: 46035 | BB56: SI | BC56: 2 | BD56: 46035 | BE56: =DAY(' En tramite 23-26'!$BD56) -> 13 | BF56: =TEXT(' En tramite 23-26'!$BD56,"mmmm") -> enero | BG56: =YEAR(' En tramite 23-26'!$BD56) -> 2026 | BH56: 1 | BI56: 5 meses y 0 días | BJ56: BLOQUE 1 | BK56: P.P.E.C-BLOQUE 1
A57: 054 | B57: 049 | C57: PC06/MATUTINO/049/2026 | D57: RUBIO HERNÁNDEZ ALEXANDER | E57: Rubio Hernández Alexander | F57: 23422070060264 | G57: 4425979531 | H57: alexanderrubio@cecyteq.edu.mx | I57: 5T0-MECA-BM | J57: MATUTINO | K57: MECATRÓNICA | L57: CONCLUIDO | M57: EMPRESA | N57: ELECTRONICA EL GÜERO | O57: PEQUEÑAS EMPRESAS | P57: x | Q57: N/A | R57: AV. 18 NO. 830 | S57: jpuga9495@gmail.com | T57: 23-26 | U57: HOMBRE | V57: 1 | W57: N/A | X57: SI | Y57: 2 | Z57: 45994 | AA57: =DAY(Tabla1[F. INICIO]) -> 3 | AB57: =TEXT(' En tramite 23-26'!$Z57,"mmmm") -> diciembre | AC57: =YEAR(' En tramite 23-26'!$Z57) -> 2025 | AD57: SI | AE57: 2 | AF57: 45995 | AG57: SI | AH57: 2 | AI57: 45995 | AJ57: =DAY(' En tramite 23-26'!$AI57) -> 4 | AK57: =TEXT(' En tramite 23-26'!$AI57,"mmmm") -> diciembre | AL57: =YEAR(' En tramite 23-26'!$Z57) -> 2025 | AM57: SI | AN57: 2 | AO57: 45748 | AP57: SI | AQ57: 2 | AR57: 46041 | AS57: =' En tramite 23-26'!$AI57+45 -> 46040 | AT57: ENTREGADO | AU57: SI | AV57: 2 | AW57: =' En tramite 23-26'!$AS57+45 -> 46085 | AX57: ENTREGADO | AY57: SI | AZ57: 2 | BA57: 46085 | BB57: SI | BC57: 2 | BD57: 46085 | BE57: =DAY(' En tramite 23-26'!$BD57) -> 4 | BF57: =TEXT(' En tramite 23-26'!$BD57,"mmmm") -> marzo | BG57: =YEAR(' En tramite 23-26'!$BD57) -> 2026 | BH57: 1 | BI57: 3 meses y 0 días | BJ57: BLOQUE 1 | BK57: P.P.E.C-BLOQUE 1 | BL57: 46237 | BM57: 2
A58: 055 | B58: 050 | C58: PC06/VESPERTINO/050/2026 | D58: MORALES PÉREZ SALVDOR | E58: Morales Pérez Salvdor | F58: 23422070060 307 | G58: 4421364079 | H58: salvadormorales10@cecyteq.edu.mx | I58: 5T0-MECA-AV | J58: VESPERTINO | K58: MECATRÓNICA | L58: CONCLUIDO | M58: EMPRESA | N58: MANTENIMIENTO TOTAL | O58: PEQUEÑAS EMPRESAS | P58: x | Q58: N/A | R58: PROLONGACIÓN FRAY SEBASTIAN DE GALLEGOS 160 | S58: zamoramarco13@gmail.com | T58: 23-26 | U58: HOMBRE | V58: 1 | W58: N/A | X58: SI | Y58: 2 | Z58: 46008 | AA58: =DAY(Tabla1[F. INICIO]) -> 17 | AB58: =TEXT(' En tramite 23-26'!$Z58,"mmmm") -> diciembre | AC58: =YEAR(' En tramite 23-26'!$Z58) -> 2025 | AD58: SI | AE58: 2 | AF58: 46008 | AG58: SI | AH58: 2 | AI58: 46013 | AJ58: =DAY(' En tramite 23-26'!$AI58) -> 22 | AK58: =TEXT(' En tramite 23-26'!$AI58,"mmmm") -> diciembre | AL58: =YEAR(' En tramite 23-26'!$Z58) -> 2025 | AM58: SI | AN58: 2 | AO58: 46013 | AP58: SI | AQ58: 2 | AR58: 46049 | AS58: =' En tramite 23-26'!$AI58+45 -> 46058 | AT58: ENTREGADO | AU58: SI | AV58: 2 | AW58: =' En tramite 23-26'!$AS58+45 -> 46103 | AX58: ENTREGADO | AY58: SI | AZ58: 2 | BA58: 46097 | BB58: SI | BC58: 2 | BD58: 46097 | BE58: =DAY(' En tramite 23-26'!$BD58) -> 16 | BF58: =TEXT(' En tramite 23-26'!$BD58,"mmmm") -> marzo | BG58: =YEAR(' En tramite 23-26'!$BD58) -> 2026 | BH58: 1 | BI58: 2 meses 22 días | BJ58: BLOQUE 1 | BK58: P.P.E.C-BLOQUE 1
A59: 056 | D59: MACIAS RODRIGUEZ YAOTL | E59: Macias Rodriguez Yaotl | F59: 23422070060 494 | G59: 4421914432 | H59: yaotlmacias@cecyteq.edu.mx | I59: 5T0-PROG-AM | J59: MATUTINO | K59: PROGRAMACIÓN | L59: EN TRAMITE | M59: PROYECTO | N59: CECYTEQ-PLANTEL 6 | O59: SECTOR PÚBLICO | P59: PROYECTO BASE DE DATOS CLINICA | Q59: 4421561235 | R59: AV. CANDILES 317., VALLE REAL RECIDENCIAL C.P.76903 CANDILES QRO. | S59: yadira.f@cecyteq.edu.mx | T59: 23-26 | U59: HOMBRE | V59: 0 | W59: N/A | AS59: =' En tramite 23-26'!$AI59+45 -> 45 | AW59: =' En tramite 23-26'!$AS59+45 -> 90
A60: 057 | B60: 051 | C60: PC06/MATUTINO/051/2026 | D60: ROJAS ZUÑIGA JUAN SEBASTIÁN | E60: Rojas Zuñiga Juan Sebastián | F60: 23422070060 140 | G60: 4461040382 | H60: juanrojas68@cecyteq.edu.mx | I60: 5T0-LOG-AM | J60: MATUTINO | K60: LOGÍSTICA | L60: CONCLUIDO | M60: EMPRESA | N60: SERVICIOS INTEGRALES CERMACE | O60: PEQUEÑAS EMPRESAS | P60: x | Q60: 4461166865 | R60: VALLE DE PUEBLA 390 | S60: contacto @ crlimpiezaintegral.com | T60: 23-26 | U60: HOMBRE | V60: 1 | W60: N/A | X60: SI | Y60: 2 | Z60: 45996 | AA60: =DAY(Tabla1[F. INICIO]) -> 5 | AB60: =TEXT(' En tramite 23-26'!$Z60,"mmmm") -> diciembre | AC60: =YEAR(' En tramite 23-26'!$Z60) -> 2025 | AD60: SI | AE60: 2 | AF60: 45996 | AG60: SI | AH60: 2 | AI60: 45999 | AJ60: =DAY(' En tramite 23-26'!$AI60) -> 8 | AK60: =TEXT(' En tramite 23-26'!$AI60,"mmmm") -> diciembre | AL60: =YEAR(' En tramite 23-26'!$Z60) -> 2025 | AM60: SI | AN60: 2 | AO60: 45999 | AS60: =' En tramite 23-26'!$AI60+45 -> 46044 | AT60: ENTREGADO | AU60: SI | AV60: 2 | AW60: 46089 | AX60: ENTREGADO | AY60: SI | AZ60: 2 | BA60: 46089 | BB60: SI | BC60: 2 | BD60: 46089 | BE60: =DAY(' En tramite 23-26'!$BD60) -> 8 | BF60: =TEXT(' En tramite 23-26'!$BD60,"mmmm") -> marzo | BG60: =YEAR(' En tramite 23-26'!$BD60) -> 2026 | BH60: 1 | BI60: 3 meses y 0 días. | BJ60: BLOQUE 1 | BK60: P.P.E.C-BLOQUE 1
A61: 058 | B61: 052 | C61: PC06/MATUTINO/052/2026 | D61: INFANTE HERRERA DAVID | E61: Infante Herrera David | F61: 23422070060 124 | G61: 4425534599 | H61: davidinfante@cecyteq.edu.mx | I61: 5T0-LOG-AM | J61: MATUTINO | K61: LOGÍSTICA | L61: CONCLUIDO | M61: EMPRESA | N61: PAPELERIA MI ANGELITO | O61: MICROEMPRESAS | P61: x | Q61: N/A | R61: HIDALGO N.79 SAN JOSE DE LOS OLVERA | S61: papeleriamiangelito1@gmail.com | T61: 23-26 | U61: HOMBRE | V61: 1 | W61: N/A | X61: SI | Y61: 2 | Z61: 45979 | AA61: =DAY(Tabla1[F. INICIO]) -> 18 | AB61: =TEXT(' En tramite 23-26'!$Z61,"mmmm") -> noviembre | AC61: =YEAR(' En tramite 23-26'!$Z61) -> 2025 | AD61: SI | AE61: 2 | AF61: 45979 | AG61: SI | AH61: 2 | AI61: 45985 | AJ61: =DAY(' En tramite 23-26'!$AI61) -> 24 | AK61: =TEXT(' En tramite 23-26'!$AI61,"mmmm") -> noviembre | AL61: =YEAR(' En tramite 23-26'!$Z61) -> 2025 | AM61: SI | AN61: 2 | AO61: 45985 | AP61: SI | AQ61: 2 | AR61: 46035 | AS61: =' En tramite 23-26'!$AI61+45 -> 46030 | AT61: ENTREGADO | AU61: SI | AV61: 2 | AW61: 46071 | AX61: ENTREGADO | AY61: SI | AZ61: 2 | BA61: 46071 | BB61: SI | BC61: 2 | BD61: 46071 | BE61: =DAY(' En tramite 23-26'!$BD61) -> 18 | BF61: =TEXT(' En tramite 23-26'!$BD61,"mmmm") -> febrero | BG61: =YEAR(' En tramite 23-26'!$BD61) -> 2026 | BH61: 1 | BI61: 2 meses y 25 días | BJ61: BLOQUE 1 | BK61: P.P.E.C-BLOQUE 1 | BL61: 46213 | BM61: 2
A62: 059 | B62: 053 | C62: PC06/MATUTINO/053/2026 | D62: ANGELES ALVAREZ SOFIA GUADALUPE | E62: Angeles Alvarez Sofia Guadalupe | F62: 23422070060 007 | G62: 4428648679 | H62: sofiaangeles1@cecyteq.edu.mx | I62: 5T0-BIO-AM | J62: MATUTINO | K62: BIOTECNOLOGÍA | L62: CONCLUIDO | M62: PROYECTO | N62: CECYTEQ-PLANTEL 6 CORREGIDORA | O62: SECTOR PÚBLICO | P62: PROYECTO DE LA ELECTROGERMINACIÓN | Q62: 4421550768 | R62: AV. CANDILES 317., VALLE REAL RECIDENCIAL C.P.76903 CANDILES QRO. | S62: teresa.r@cecyteq.edu.mx | T62: 23-26 | U62: MUJER | V62: 1 | W62: N/A | X62: SI | Y62: 2 | Z62: 45996 | AA62: =DAY(Tabla1[F. INICIO]) -> 5 | AB62: =TEXT(' En tramite 23-26'!$Z62,"mmmm") -> diciembre | AC62: =YEAR(' En tramite 23-26'!$Z62) -> 2025 | AD62: SI | AE62: 2 | AF62: 45996 | AG62: SI | AH62: 2 | AI62: 45999 | AJ62: =DAY(' En tramite 23-26'!$AI62) -> 8 | AK62: =TEXT(' En tramite 23-26'!$AI62,"mmmm") -> diciembre | AL62: =YEAR(' En tramite 23-26'!$Z62) -> 2025 | AM62: SI | AN62: 2 | AO62: 45999 | AP62: SI | AQ62: 2 | AR62: 46044 | AS62: =' En tramite 23-26'!$AI62+45 -> 46044 | AT62: ENTREGADO | AU62: SI | AV62: 2 | AW62: 46106 | AX62: ENTREGADO | AY62: SI | AZ62: 2 | BA62: 46106 | BB62: SI | BC62: 2 | BD62: 46106 | BE62: =DAY(' En tramite 23-26'!$BD62) -> 25 | BF62: =TEXT(' En tramite 23-26'!$BD62,"mmmm") -> marzo | BG62: =YEAR(' En tramite 23-26'!$BD62) -> 2026 | BH62: 1 | BI62: 3 meses y 17 días | BJ62: BLOQUE 1 | BK62: P.P.E.C-BLOQUE 1 | BL62: 46213 | BM62: 2
A63: 060 | B63: 054 | C63: PC06/MATUTINO/054/2026 | D63: VITAL TERRAZAS PEDRO ENRIQUE | E63: Vital Terrazas Pedro Enrique | F63: 23422070060 226 | G63: 4461209484 | H63: pedrovital@cecyteq.edu.mx | I63: 5T0-MECA-AMBI | J63: MATUTINO | K63: MECATRÓNICA | L63: CONCLUIDO | M63: CERTIFICACIÓN | N63: CERTIFICACIONES SOLIDWORKS | O63: SECTOR PÚBLICO | P63: CERTIFICACIÓN | Q63: 4423622063 | R63: AV. CANDILES 317., VALLE REAL RECIDENCIAL C.P.76903 CANDILES QRO. | S63: e.armendariz@cecyteq.edu.mx | T63: 23-26 | U63: HOMBRE | V63: 1 | W63: N/A | X63: SI | Y63: 2 | Z63: 45992 | AA63: =DAY(Tabla1[F. INICIO]) -> 1 | AB63: =TEXT(' En tramite 23-26'!$Z63,"mmmm") -> diciembre | AC63: =YEAR(' En tramite 23-26'!$Z63) -> 2025 | AD63: SI | AE63: 2 | AF63: 45992 | AG63: SI | AH63: 2 | AI63: 45992 | AJ63: =DAY(' En tramite 23-26'!$AI63) -> 1 | AK63: =TEXT(' En tramite 23-26'!$AI63,"mmmm") -> diciembre | AL63: =YEAR(' En tramite 23-26'!$Z63) -> 2025 | AM63: SI | AN63: 2 | AO63: 45992 | AP63: SI | AQ63: 2 | AR63: 46037 | AS63: =' En tramite 23-26'!$AI63+45 -> 46037 | AT63: ENTREGADO | AU63: SI | AV63: 2 | AW63: =' En tramite 23-26'!$AS63+45 -> 46082 | AX63: ENTREGADO | AY63: SI | AZ63: 2 | BA63: 20/03/20260 | BB63: SI | BC63: 2 | BD63: 46101 | BE63: =DAY(' En tramite 23-26'!$BD63) -> 20 | BF63: =TEXT(' En tramite 23-26'!$BD63,"mmmm") -> marzo | BG63: =YEAR(' En tramite 23-26'!$BD63) -> 2026 | BH63: 1 | BI63: 3 meses 19 días | BJ63: BLOQUE 1 | BK63: P.P.E.C-BLOQUE 1
A64: 061 | B64: 055 | C64: PC06/MATUTINO/055/2026 | D64: TIBURCIO SÁNCHEZ JOSEPH ANGEL | E64: Tiburcio Sánchez Joseph Angel | F64: 23422070060 224 | G64: 4426588437 | H64: josephtiburcio@cecyteq.edu.mx | I64: 5T0-MECA-AMBI | J64: MATUTINO | K64: MECATRÓNICA | L64: CONCLUIDO | M64: CERTIFICACIÓN | N64: CERTIFICACIONES SOLIDWORKS | O64: SECTOR PÚBLICO | P64: CERTIFICACIÓN | Q64: 4423622063 | R64: AV. CANDILES 317., VALLE REAL RECIDENCIAL C.P.76903 CANDILES QRO. | S64: e.armendariz@cecyteq.edu.mx | T64: 23-26 | U64: HOMBRE | V64: 1 | W64: N/A | X64: SI | Y64: 2 | Z64: 45992 | AA64: =DAY(Tabla1[F. INICIO]) -> 1 | AB64: =TEXT(' En tramite 23-26'!$Z64,"mmmm") -> diciembre | AC64: =YEAR(' En tramite 23-26'!$Z64) -> 2025 | AD64: SI | AE64: 2 | AF64: 45992 | AG64: SI | AH64: 2 | AI64: 45992 | AJ64: =DAY(' En tramite 23-26'!$AI64) -> 1 | AK64: =TEXT(' En tramite 23-26'!$AI64,"mmmm") -> diciembre | AL64: =YEAR(' En tramite 23-26'!$Z64) -> 2025 | AM64: SI | AN64: 2 | AO64: 45992 | AP64: SI | AQ64: 2 | AR64: 46037 | AS64: =' En tramite 23-26'!$AI64+45 -> 46037 | AT64: ENTREGADO | AU64: SI | AV64: 2 | AW64: 46099 | AX64: ENTREGADO | AY64: SI | AZ64: 2 | BA64: 46099 | BB64: SI | BC64: 2 | BD64: 46099 | BE64: =DAY(' En tramite 23-26'!$BD64) -> 18 | BF64: =TEXT(' En tramite 23-26'!$BD64,"mmmm") -> marzo | BG64: =YEAR(' En tramite 23-26'!$BD64) -> 2026 | BH64: 1 | BI64: 3 meses 17 días | BJ64: BLOQUE 1 | BK64: P.P.E.C-BLOQUE 1
A65: 062 | B65: 056 | C65: PC06/MATUTINO/056/2026 | D65: MORALES OLVERA CESAR GIOVANNI | E65: Morales Olvera Cesar Giovanni | F65: 23422070060 406 | G65: 4425817551 | H65: cesarmorales1@cecyteq.edu.mx | I65: 5T0-PGA-AM | J65: MATUTINO | K65: PROCESOS DE GESTIÓN ADMINISTRATIVA | L65: CONCLUIDO | M65: EMPRESA | N65: CARNICERIA GIONS | O65: PEQUEÑAS EMPRESAS | P65: x | Q65: 4427753623 | R65: BLVD. DE LAS AMERICAS 53 TIERRA Y LIBERTAD | S65: carniceriagiovis@gmail.com | T65: 23-26 | U65: HOMBRE | V65: 1 | W65: N/A | X65: SI | Y65: 2 | Z65: 45999 | AA65: =DAY(Tabla1[F. INICIO]) -> 8 | AB65: =TEXT(' En tramite 23-26'!$Z65,"mmmm") -> diciembre | AC65: =YEAR(' En tramite 23-26'!$Z65) -> 2025 | AD65: SI | AE65: 2 | AF65: 45999 | AG65: SI | AH65: 2 | AI65: 45999 | AJ65: =DAY(' En tramite 23-26'!$AI65) -> 8 | AK65: =TEXT(' En tramite 23-26'!$AI65,"mmmm") -> diciembre | AL65: =YEAR(' En tramite 23-26'!$Z65) -> 2025 | AM65: SI | AN65: 2 | AO65: 45999 | AP65: SI | AQ65: 2 | AR65: 46045 | AS65: =' En tramite 23-26'!$AI65+45 -> 46044 | AT65: ENTREGADO | AU65: SI | AV65: 2 | AW65: =' En tramite 23-26'!$AS65+45 -> 46089 | AX65: ENTREGADO | AY65: SI | AZ65: 2 | BA65: 46089 | BB65: SI | BC65: 2 | BD65: 46089 | BE65: =DAY(' En tramite 23-26'!$BD65) -> 8 | BF65: =TEXT(' En tramite 23-26'!$BD65,"mmmm") -> marzo | BG65: =YEAR(' En tramite 23-26'!$BD65) -> 2026 | BH65: 1 | BI65: 3 meses | BJ65: BLOQUE 1 | BK65: P.P.E.C-BLOQUE 1
A66: 063 | B66: 057 | C66: PC06/MATUTINO/057/2026 | D66: HERNÁNDEZ LARA KEVIN | E66: Hernández Lara Kevin | F66: 23422070060 206 | G66: 4422749203 | H66: kevinhernandez18@cecyteq.edu.mx | I66: 5T0-MECA-AMBI | J66: MATUTINO | K66: MECATRÓNICA | L66: CONCLUIDO | M66: CERTIFICACIÓN | N66: CERTIFICACIONES SOLIDWORKS | O66: SECTOR PÚBLICO | P66: CERTIFICACIÓN | Q66: 4423622063 | R66: AV. CANDILES 317., VALLE REAL RECIDENCIAL C.P.76903 CANDILES QRO. | S66: e.armendariz@cecyteq.edu.mx | T66: 23-26 | U66: MUJER | V66: 1 | W66: N/A | X66: SI | Y66: 2 | Z66: 45992 | AA66: =DAY(Tabla1[F. INICIO]) -> 1 | AB66: =TEXT(' En tramite 23-26'!$Z66,"mmmm") -> diciembre | AC66: =YEAR(' En tramite 23-26'!$Z66) -> 2025 | AD66: SI | AE66: 2 | AF66: 45992 | AG66: SI | AH66: 2 | AI66: 45992 | AJ66: =DAY(' En tramite 23-26'!$AI66) -> 1 | AK66: =TEXT(' En tramite 23-26'!$AI66,"mmmm") -> diciembre | AL66: =YEAR(' En tramite 23-26'!$Z66) -> 2025 | AM66: SI | AN66: 2 | AO66: 45992 | AP66: SI | AQ66: 2 | AR66: 46037 | AS66: =' En tramite 23-26'!$AI66+45 -> 46037 | AT66: ENTREGADO | AU66: SI | AV66: 2 | AW66: 46099 | AX66: ENTREGADO | AY66: SI | AZ66: 2 | BA66: 46099 | BB66: SI | BC66: 2 | BD66: 46099 | BE66: =DAY(' En tramite 23-26'!$BD66) -> 18 | BF66: =TEXT(' En tramite 23-26'!$BD66,"mmmm") -> marzo | BG66: =YEAR(' En tramite 23-26'!$BD66) -> 2026 | BH66: 1 | BI66: 3 meses 17 días | BJ66: BLOQUE 1 | BK66: P.P.E.C-BLOQUE 1
A67: 064 | B67: 058 | C67: PC06/MATUTINO/058/2026 | D67: GONZÁLEZ MORALES LUCIA FERNANDA | E67: González Morales Lucia Fernanda | F67: 23422070060 204 | G67: 4426121284 | H67: luciagonzalez11@cecyteq.eu.mx | I67: 5T0-MECA-AMBI | J67: MATUTINO | K67: MECATRÓNICA | L67: CONCLUIDO | M67: CERTIFICACIÓN | N67: CERTIFICACIONES SOLIDWORKS | O67: SECTOR PÚBLICO | P67: CERTIFICACIÓN | Q67: 4423622063 | R67: AV. CANDILES 317., VALLE REAL RECIDENCIAL C.P.76903 CANDILES QRO. | S67: e.armendariz@cecyteq.edu.mx | T67: 23-26 | U67: MUJER | V67: 1 | W67: N/A | X67: SI | Y67: 2 | Z67: 45992 | AA67: =DAY(Tabla1[F. INICIO]) -> 1 | AB67: =TEXT(' En tramite 23-26'!$Z67,"mmmm") -> diciembre | AC67: =YEAR(' En tramite 23-26'!$Z67) -> 2025 | AD67: SI | AE67: 2 | AF67: 45992 | AG67: SI | AH67: 2 | AI67: 45992 | AJ67: =DAY(' En tramite 23-26'!$AI67) -> 1 | AK67: =TEXT(' En tramite 23-26'!$AI67,"mmmm") -> diciembre | AL67: =YEAR(' En tramite 23-26'!$Z67) -> 2025 | AM67: SI | AN67: 2 | AO67: 45992 | AP67: SI | AQ67: 2 | AR67: 46037 | AS67: =' En tramite 23-26'!$AI67+45 -> 46037 | AT67: ENTREGADO | AU67: SI | AV67: 2 | AW67: 46129 | AX67: ENTREGADO | AY67: SI | AZ67: 2 | BA67: 46129 | BB67: SI | BC67: 2 | BD67: 46129 | BE67: =DAY(' En tramite 23-26'!$BD67) -> 17 | BF67: =TEXT(' En tramite 23-26'!$BD67,"mmmm") -> abril | BG67: =YEAR(' En tramite 23-26'!$BD67) -> 2026 | BH67: 1 | BI67: 4 meses y 16 días | BJ67: BLOQUE 1 | BK67: P.P.E.C-BLOQUE 1 | BL67: 46237 | BM67: 2
A68: 065 | B68: 059 | C68: PC06/MATUTINO/059/2026 | D68: SALVADOR SALVADOR FERNANDO | E68: Salvador Salvador Fernando | F68: 23422070060 220 | G68: 4425420619 | H68: fernando salvador 4@cecyteq.edu.mx | I68: 5T0-MECA-AMBI | J68: MATUTINO | K68: MECATRÓNICA | L68: CONCLUIDO | M68: CERTIFICACIÓN | N68: CERTIFICACIONES SOLIDWORKS | O68: SECTOR PÚBLICO | P68: CERTIFICACIÓN | Q68: 4423622063 | R68: AV. CANDILES 317., VALLE REAL RECIDENCIAL C.P.76903 CANDILES QRO. | S68: e.armendariz@cecyteq.edu.mx | T68: 23-26 | U68: HOMBRE | V68: 1 | W68: N/A | X68: SI | Y68: 2 | Z68: 45992 | AA68: =DAY(Tabla1[F. INICIO]) -> 1 | AB68: =TEXT(' En tramite 23-26'!$Z68,"mmmm") -> diciembre | AC68: =YEAR(' En tramite 23-26'!$Z68) -> 2025 | AD68: SI | AE68: 2 | AF68: 45992 | AG68: SI | AH68: 2 | AI68: 45992 | AJ68: =DAY(' En tramite 23-26'!$AI68) -> 1 | AK68: =TEXT(' En tramite 23-26'!$AI68,"mmmm") -> diciembre | AL68: =YEAR(' En tramite 23-26'!$Z68) -> 2025 | AM68: SI | AN68: 2 | AO68: 45992 | AP68: SI | AQ68: 2 | AR68: 46059 | AS68: =' En tramite 23-26'!$AI68+45 -> 46037 | AT68: ENTREGADO | AU68: SI | AV68: 2 | AW68: 46099 | AX68: ENTREGADO | AY68: SI | AZ68: 2 | BA68: 46099 | BB68: SI | BC68: 2 | BD68: 46099 | BE68: =DAY(' En tramite 23-26'!$BD68) -> 18 | BF68: =TEXT(' En tramite 23-26'!$BD68,"mmmm") -> marzo | BG68: =YEAR(' En tramite 23-26'!$BD68) -> 2026 | BH68: 1 | BI68: 3 meses 17 días | BJ68: BLOQUE 1 | BK68: P.P.E.C-BLOQUE 1
A69: 066 | D69: AGUILLÓN BEZARES JONATÁN | E69: Aguillón Bezares Jonatán | F69: 23422070060 147 | G69: 4427789415 | H69: jonatanaguillon@cecyteq.edu.mx | I69: 5T0-LOG-AV | J69: VESPERTINO | K69: LOGÍSTICA | L69: EN TRAMITE | M69: EMPRESA | N69: GRUPO CELO Y APOLO MÉXICO | O69: PEQUEÑAS EMPRESAS | P69: x | Q69: 4423722768 | R69: EJIDO CALERAS DE AMECHE, NAREYA | S69: gustavo.ayala@celo.com | T69: 23-26 | U69: HOMBRE | V69: 1 | W69: N/A | X69: SI | Y69: 2 | Z69: 46001 | AA69: =DAY(Tabla1[F. INICIO]) -> 10 | AB69: =TEXT(' En tramite 23-26'!$Z69,"mmmm") -> diciembre | AC69: =YEAR(' En tramite 23-26'!$Z69) -> 2025 | AD69: SI | AE69: 2 | AF69: 46001 | AG69: SI | AH69: 2 | AI69: 46098 | AJ69: =DAY(' En tramite 23-26'!$AI69) -> 17 | AK69: =TEXT(' En tramite 23-26'!$AI69,"mmmm") -> marzo | AL69: =YEAR(' En tramite 23-26'!$Z69) -> 2025 | AM69: SI | AN69: 2 | AO69: 46105 | AS69: =' En tramite 23-26'!$AI69+45 -> 46143 | AW69: =' En tramite 23-26'!$AS69+45 -> 46188 | BA69: 46093 | BE69: =DAY(' En tramite 23-26'!$BD69) -> 30 | BF69: =TEXT(' En tramite 23-26'!$BD69,"mmmm") -> diciembre | BG69: =YEAR(' En tramite 23-26'!$BD69) -> 1899
A70: 067 | D70: SALGADO BAEZA CHRISTOPHER JOSEPH | E70: Salgado Baeza Christopher Joseph | F70: 23422070060 185 | G70: 4424503765 | H70: chistophersalgado@cecyteq.edu.mx | I70: 5T0-LOG-AV | J70: VESPERTINO | K70: LOGÍSTICA | L70: CONCLUIDO | M70: EMPRESA | N70: GRUPO CELO Y APOLO MÉXICO | O70: PEQUEÑAS EMPRESAS | P70: x | Q70: 4423722768 | R70: EJIDO CALERAS DE AMECHE, NAREYA | S70: gustavo.ayala@celo.com | T70: 23-26 | U70: HOMBRE | V70: 1 | W70: N/A | X70: SI | Y70: 2 | Z70: 45999 | AA70: =DAY(Tabla1[F. INICIO]) -> 8 | AB70: =TEXT(' En tramite 23-26'!$Z70,"mmmm") -> diciembre | AC70: =YEAR(' En tramite 23-26'!$Z70) -> 2025 | AD70: SI | AE70: 2 | AF70: 46001 | AG70: SI | AH70: 2 | AI70: 46098 | AJ70: =DAY(' En tramite 23-26'!$AI70) -> 17 | AK70: =TEXT(' En tramite 23-26'!$AI70,"mmmm") -> marzo | AL70: =YEAR(' En tramite 23-26'!$Z70) -> 2025 | AM70: SI | AN70: 2 | AO70: 46105 | AP70: SI | AQ70: 2 | AR70: 46170 | AS70: =' En tramite 23-26'!$AI70+45 -> 46143 | AT70: ENTREGADO | AU70: SI | AV70: 2 | AW70: =' En tramite 23-26'!$AS70+45 -> 46188 | AX70: ENTREGADO | BA70: 46094 | BE70: =DAY(' En tramite 23-26'!$BD70) -> 30 | BF70: =TEXT(' En tramite 23-26'!$BD70,"mmmm") -> diciembre | BG70: =YEAR(' En tramite 23-26'!$BD70) -> 1899 | BJ70: BLOQUE 2 | BK70: P.P.E.C-BLOQUE 1-2
A71: 068 | D71: GUTIERREZ MAYA XIMENA LILIAN | E71: Gutierrez Maya Ximena Lilian | F71: 23422070060 116 | G71: 4423308124 | H71: ximenagutierrez8@cecyteq.edu.mx | I71: 5T0-LOG-AM | J71: MATUTINO | K71: LOGÍSTICA | L71: EN TRAMITE | M71: EMPRESA | N71: MAQUINADOS ORMEN SA DE CV | O71: MEDIANAS EMPRESAS | P71: x | Q71: 4421870851 | R71: AV. TRATOLI 28 COL. SANTUARIOS DEL CERRITO | S71: aaronmichel.ormen@gmail.com | T71: 23-26 | U71: MUJER | V71: 0 | X71: SI | Y71: 2 | Z71: 46006 | AA71: =DAY(Tabla1[F. INICIO]) -> 15 | AB71: =TEXT(' En tramite 23-26'!$Z71,"mmmm") -> diciembre | AC71: =YEAR(' En tramite 23-26'!$Z71) -> 2025 | AD71: SI | AE71: 2 | AF71: 46006 | AG71: NO | AH71: 0 | AJ71: =DAY(' En tramite 23-26'!$AI71) -> 30 | AK71: =TEXT(' En tramite 23-26'!$AI71,"mmmm") -> diciembre | AL71: =YEAR(' En tramite 23-26'!$Z71) -> 2025 | AS71: =' En tramite 23-26'!$AI71+45 -> 45 | AW71: =' En tramite 23-26'!$AS71+45 -> 90 | BA71: 46095 | BE71: =DAY(' En tramite 23-26'!$BD71) -> 30 | BF71: =TEXT(' En tramite 23-26'!$BD71,"mmmm") -> diciembre | BG71: =YEAR(' En tramite 23-26'!$BD71) -> 1899
A72: 069 | B72: 060 | C72: PC06/MATUTINO/060/2026 | D72: FLORES RANGEL JUAN PABLO | E72: Flores Rangel Juan Pablo | F72: 23422070060 200 | G72: 4426063995 | H72: juanflores204@cecyteq.edu.mx | I72: 5T0-MECA-AMBI | J72: MATUTINO | K72: MECATRÓNICA | L72: CONCLUIDO | M72: CERTIFICACIÓN | N72: CERTIFICACIONES SOLIDWORKS | O72: SECTOR PÚBLICO | P72: CERTIFICACIÓN | Q72: 4423622063 | R72: AV. CANDILES 317., VALLE REAL RECIDENCIAL C.P.76903 CANDILES QRO. | S72: e.armendariz@cecyteq.edu.mx | T72: 23-26 | U72: HOMBRE | V72: 1 | W72: N/A | X72: SI | Y72: 2 | Z72: 45992 | AA72: =DAY(Tabla1[F. INICIO]) -> 1 | AB72: =TEXT(' En tramite 23-26'!$Z72,"mmmm") -> diciembre | AC72: =YEAR(' En tramite 23-26'!$Z72) -> 2025 | AD72: SI | AE72: 2 | AF72: 45992 | AG72: SI | AH72: 2 | AI72: 45992 | AJ72: =DAY(' En tramite 23-26'!$AI72) -> 1 | AK72: =TEXT(' En tramite 23-26'!$AI72,"mmmm") -> diciembre | AL72: =YEAR(' En tramite 23-26'!$Z72) -> 2025 | AM72: SI | AN72: 2 | AO72: 45992 | AP72: SI | AQ72: 2 | AR72: 46037 | AS72: =' En tramite 23-26'!$AI72+45 -> 46037 | AT72: ENTREGADO | AU72: SI | AV72: 2 | AW72: 46099 | AX72: ENTREGADO | AY72: SI | AZ72: 2 | BA72: 46096 | BB72: SI | BC72: 2 | BD72: 46099 | BE72: =DAY(' En tramite 23-26'!$BD72) -> 18 | BF72: =TEXT(' En tramite 23-26'!$BD72,"mmmm") -> marzo | BG72: =YEAR(' En tramite 23-26'!$BD72) -> 2026 | BH72: 1 | BI72: 3 meses 17 días | BJ72: BLOQUE 1 | BK72: P.P.E.C-BLOQUE 1
A73: 070 | B73: 061 | C73: PC06/MATUTINO/061/2026 | D73: FUENTES RUIZ SEBASTIÁN | E73: Fuentes Ruiz Sebastián | F73: 23422070060 201 | G73: 4427084962 | H73: sebastianfuentes@cecyteq,,edu,mx | I73: 5T0-MECA-AMBI | J73: MATUTINO | K73: MECATRÓNICA | L73: CONCLUIDO | M73: CERTIFICACIÓN | N73: CERTIFICACIONES SOLIDWORKS | O73: SECTOR PÚBLICO | P73: CERTIFICACIÓN | Q73: 4423622063 | R73: AV. CANDILES 317., VALLE REAL RECIDENCIAL C.P.76903 CANDILES QRO. | S73: e.armendariz@cecyteq.edu.mx | T73: 23-26 | U73: HOMBRE | V73: 1 | W73: N/A | X73: SI | Y73: 2 | Z73: 45992 | AA73: =DAY(Tabla1[F. INICIO]) -> 1 | AB73: =TEXT(' En tramite 23-26'!$Z73,"mmmm") -> diciembre | AC73: =YEAR(' En tramite 23-26'!$Z73) -> 2025 | AD73: SI | AE73: 2 | AF73: 45992 | AG73: SI | AH73: 2 | AI73: 45992 | AJ73: =DAY(' En tramite 23-26'!$AI73) -> 1 | AK73: =TEXT(' En tramite 23-26'!$AI73,"mmmm") -> diciembre | AL73: =YEAR(' En tramite 23-26'!$Z73) -> 2025 | AM73: SI | AN73: 2 | AO73: 45992 | AP73: SI | AQ73: 2 | AR73: 46037 | AS73: =' En tramite 23-26'!$AI73+45 -> 46037 | AT73: ENTREGADO | AU73: SI | AV73: 2 | AW73: 46099 | AX73: ENTREGADO | AY73: SI | AZ73: 2 | BA73: 46099 | BB73: SI | BC73: 2 | BD73: 46099 | BE73: =DAY(' En tramite 23-26'!$BD73) -> 18 | BF73: =TEXT(' En tramite 23-26'!$BD73,"mmmm") -> marzo | BG73: =YEAR(' En tramite 23-26'!$BD73) -> 2026 | BH73: 1 | BI73: 3 meses 17 días | BJ73: BLOQUE 1 | BK73: P.P.E.C-BLOQUE 1 | BL73: 46238 | BM73: 2
A74: 071 | B74: 062 | C74: PC06/MATUTINO/062/2026 | D74: CAMACHO OLVERA VÍCTOR DANIEL | E74: Camacho Olvera Víctor Daniel | F74: 23422070060 195 | G74: 4428222297 | H74: victorcamacho9@cecyteq.edu.mx | I74: 5T0-MECA-AMBI | J74: MATUTINO | K74: MECATRÓNICA | L74: CONCLUIDO | M74: CERTIFICACIÓN | N74: CERTIFICACIONES SOLIDWORKS | O74: SECTOR PÚBLICO | P74: CERTIFICACIÓN | Q74: 4423622063 | R74: AV. CANDILES 317., VALLE REAL RECIDENCIAL C.P.76903 CANDILES QRO. | S74: e.armendariz@cecyteq.edu.mx | T74: 23-26 | U74: HOMBRE | V74: 1 | W74: N/A | X74: SI | Y74: 2 | Z74: 45992 | AA74: =DAY(Tabla1[F. INICIO]) -> 1 | AB74: =TEXT(' En tramite 23-26'!$Z74,"mmmm") -> diciembre | AC74: =YEAR(' En tramite 23-26'!$Z74) -> 2025 | AD74: SI | AE74: 2 | AF74: 45992 | AG74: SI | AH74: 2 | AI74: 45992 | AJ74: =DAY(' En tramite 23-26'!$AI74) -> 1 | AK74: =TEXT(' En tramite 23-26'!$AI74,"mmmm") -> diciembre | AL74: =YEAR(' En tramite 23-26'!$Z74) -> 2025 | AM74: SI | AN74: 2 | AO74: 45992 | AP74: SI | AQ74: 2 | AR74: 46037 | AS74: =' En tramite 23-26'!$AI74+45 -> 46037 | AT74: ENTREGADO | AU74: SI | AV74: 2 | AW74: 46099 | AX74: ENTREGADO | AY74: SI | AZ74: 2 | BA74: 46099 | BB74: SI | BC74: 2 | BD74: 46099 | BE74: =DAY(' En tramite 23-26'!$BD74) -> 18 | BF74: =TEXT(' En tramite 23-26'!$BD74,"mmmm") -> marzo | BG74: =YEAR(' En tramite 23-26'!$BD74) -> 2026 | BH74: 1 | BI74: 3 meses 17 días | BJ74: BLOQUE 1 | BK74: P.P.E.C-BLOQUE 1
A75: 072 | B75: 063 | C75: PC06/MATUTINO/063/2026 | D75: GONZALEZ RAMÍREZ ANGEL GABRIEL | E75: Gonzalez Ramírez Angel Gabriel | F75: 23422070060 205 | G75: 4425958794 | H75: angelgonzalez27@cecyteq.edu.mx | I75: 5T0-MECA-AMBI | J75: MATUTINO | K75: MECATRÓNICA | L75: CONCLUIDO | M75: CERTIFICACIÓN | N75: CERTIFICACIONES SOLIDWORKS | O75: SECTOR PÚBLICO | P75: CERTIFICACIÓN | Q75: 4423622063 | R75: AV. CANDILES 317., VALLE REAL RECIDENCIAL C.P.76903 CANDILES QRO. | S75: e.armendariz@cecyteq.edu.mx | T75: 23-26 | U75: HOMBRE | V75: 1 | W75: N/A | X75: SI | Y75: 2 | Z75: 45992 | AA75: =DAY(Tabla1[F. INICIO]) -> 1 | AB75: =TEXT(' En tramite 23-26'!$Z75,"mmmm") -> diciembre | AC75: =YEAR(' En tramite 23-26'!$Z75) -> 2025 | AD75: SI | AE75: 2 | AF75: 45992 | AG75: SI | AH75: 2 | AI75: 45992 | AJ75: =DAY(' En tramite 23-26'!$AI75) -> 1 | AK75: =TEXT(' En tramite 23-26'!$AI75,"mmmm") -> diciembre | AL75: =YEAR(' En tramite 23-26'!$Z75) -> 2025 | AM75: SI | AN75: 2 | AO75: 45992 | AP75: SI | AQ75: 2 | AR75: 46037 | AS75: =' En tramite 23-26'!$AI75+45 -> 46037 | AT75: ENTREGADO | AU75: SI | AV75: 2 | AW75: 46099 | AX75: ENTREGADO | AY75: SI | AZ75: 2 | BA75: 46099 | BB75: SI | BC75: 2 | BD75: 46099 | BE75: =DAY(' En tramite 23-26'!$BD75) -> 18 | BF75: =TEXT(' En tramite 23-26'!$BD75,"mmmm") -> marzo | BG75: =YEAR(' En tramite 23-26'!$BD75) -> 2026 | BH75: 1 | BI75: 3 meses 17 días | BJ75: BLOQUE 1 | BK75: P.P.E.C-BLOQUE 1
A76: 073 | B76: 064 | C76: PC06/MATUTINO/064/2026 | D76: ALARCÓN VERGARA JOSHUA MISAEL | E76: Alarcón Vergara Joshua Misael | F76: 23422070060 277 | G76: 5578048782 | H76: joshuaalarcon@cecyteq.edu.mx | I76: 5T0-MECA-AMBI | J76: MATUTINO | K76: MECATRÓNICA | L76: CONCLUIDO | M76: CERTIFICACIÓN | N76: CERTIFICACIONES SOLIDWORKS | O76: SECTOR PÚBLICO | P76: CERTIFICACIÓN | Q76: 4423622063 | R76: AV. CANDILES 317., VALLE REAL RECIDENCIAL C.P.76903 CANDILES QRO. | S76: e.armendariz@cecyteq.edu.mx | T76: 23-26 | U76: HOMBRE | V76: 1 | W76: N/A | X76: SI | Y76: 2 | Z76: 45992 | AA76: =DAY(Tabla1[F. INICIO]) -> 1 | AB76: =TEXT(' En tramite 23-26'!$Z76,"mmmm") -> diciembre | AC76: =YEAR(' En tramite 23-26'!$Z76) -> 2025 | AD76: SI | AE76: 2 | AF76: 45992 | AG76: SI | AH76: 2 | AI76: 45992 | AJ76: =DAY(' En tramite 23-26'!$AI76) -> 1 | AK76: =TEXT(' En tramite 23-26'!$AI76,"mmmm") -> diciembre | AL76: =YEAR(' En tramite 23-26'!$Z76) -> 2025 | AM76: SI | AN76: 2 | AO76: 45992 | AP76: SI | AQ76: 2 | AR76: 46037 | AS76: =' En tramite 23-26'!$AI76+45 -> 46037 | AT76: ENTREGADO | AU76: SI | AV76: 2 | AW76: 46099 | AX76: ENTREGADO | AY76: SI | AZ76: 2 | BA76: 46099 | BB76: SI | BC76: 2 | BD76: 46099 | BE76: =DAY(' En tramite 23-26'!$BD76) -> 18 | BF76: =TEXT(' En tramite 23-26'!$BD76,"mmmm") -> marzo | BG76: =YEAR(' En tramite 23-26'!$BD76) -> 2026 | BH76: 1 | BI76: 3 meses 17 días | BJ76: BLOQUE 1 | BK76: P.P.E.C-BLOQUE 1
A77: 074 | B77: 065 | C77: PC06/MATUTINO/065/2026 | D77: OLVERA BARCENAS CRISTIAN GAEL | E77: Olvera Barcenas Cristian Gael | F77: 23422070060 255 | G77: 4461515570 | H77: cristianolvera5@cecyteq.edu.mx | I77: 5T0-MECA-BM | J77: MATUTINO | K77: MECATRÓNICA | L77: CONCLUIDO | M77: EMPRESA | N77: STI SERVICIOS EN TECNOLOGÍAS DE INFORMACIÓN | O77: PEQUEÑAS EMPRESAS | P77: x | Q77: 4423189442 | R77: CRETA502 INT3 | S77: sti_admiva@hotmail.com | T77: 23-26 | U77: HOMBRE | V77: 1 | W77: N/A | X77: SI | Y77: 2 | Z77: 46006 | AA77: =DAY(Tabla1[F. INICIO]) -> 15 | AB77: =TEXT(' En tramite 23-26'!$Z77,"mmmm") -> diciembre | AC77: =YEAR(' En tramite 23-26'!$Z77) -> 2025 | AD77: SI | AE77: 2 | AF77: 46006 | AG77: SI | AH77: 2 | AI77: 46006 | AJ77: =DAY(' En tramite 23-26'!$AI77) -> 15 | AK77: =TEXT(' En tramite 23-26'!$AI77,"mmmm") -> diciembre | AL77: =YEAR(' En tramite 23-26'!$Z77) -> 2025 | AM77: SI | AN77: 2 | AO77: 46006 | AP77: SI | AQ77: 2 | AR77: 46045 | AS77: =' En tramite 23-26'!$AI77+45 -> 46051 | AT77: ENTREGADO | AU77: SI | AV77: 2 | AW77: =' En tramite 23-26'!$AS77+45 -> 46096 | AX77: ENTREGADO | AY77: SI | AZ77: 2 | BA77: 46096 | BB77: SI | BC77: 2 | BD77: 46096 | BE77: =DAY(' En tramite 23-26'!$BD77) -> 15 | BF77: =TEXT(' En tramite 23-26'!$BD77,"mmmm") -> marzo | BG77: =YEAR(' En tramite 23-26'!$BD77) -> 2026 | BH77: 1 | BI77: 3 meses 0 días | BJ77: BLOQUE 1 | BK77: P.P.E.C-BLOQUE 1
A78: 075 | D78: URIBE VELÁZQUEZ SOFIA | E78: Uribe Velázquez Sofia | F78: 23422070060 142 | G78: 4427804678 | H78: sofiauribe1@cecyteq.edu.mx | I78: 5T0-LOG-AM | J78: MATUTINO | K78: LOGÍSTICA | L78: EN TRAMITE | M78: EMPRESA | N78: MR. CACHUCHAS BORDADOS | O78: PEQUEÑAS EMPRESAS | P78: x | Q78: 4421897140 | R78: AV. CANDILES S/N CAMINO REAL 76903 | S78: mrbordados25@gmail.com | T78: 23-26 | U78: MUJER | V78: 2 | W78: 1200 | X78: SI | Y78: 2 | Z78: 46007 | AA78: =DAY(Tabla1[F. INICIO]) -> 16 | AB78: =TEXT(' En tramite 23-26'!$Z78,"mmmm") -> diciembre | AC78: =YEAR(' En tramite 23-26'!$Z78) -> 2025 | AD78: SI | AE78: 2 | AF78: 46009 | AG78: NO | AH78: 0 | AJ78: =DAY(' En tramite 23-26'!$AI78) -> 30 | AK78: =TEXT(' En tramite 23-26'!$AI78,"mmmm") -> diciembre | AL78: =YEAR(' En tramite 23-26'!$Z78) -> 2025 | AS78: =' En tramite 23-26'!$AI78+45 -> 45 | AW78: =' En tramite 23-26'!$AS78+45 -> 90 | BE78: =DAY(' En tramite 23-26'!$BD78) -> 30 | BF78: =TEXT(' En tramite 23-26'!$BD78,"mmmm") -> diciembre | BG78: =YEAR(' En tramite 23-26'!$BD78) -> 1899
A79: 076 | B79: 066 | C79: PC06/MATUTINO/066/2026 | D79: SAMANO ARGüELLO MARCO ANTONIO | E79: Samano Argüello Marco Antonio | F79: 23422070060 221 | G79: 4461041749 | H79: marcosamano1@cecyteq.edu.mx | I79: 5T0-MECA-AMBI | J79: MATUTINO | K79: MECATRÓNICA | L79: CONCLUIDO | M79: CERTIFICACIÓN | N79: CERTIFICACIONES SOLIDWORKS | O79: SECTOR PÚBLICO | P79: CERTIFICACIÓN | Q79: 4423622063 | R79: AV. CANDILES 317., VALLE REAL RECIDENCIAL C.P.76903 CANDILES QRO. | S79: e.armendariz@cecyteq.edu.mx | T79: 23-26 | U79: HOMBRE | V79: 1 | W79: N/A | X79: SI | Y79: 2 | Z79: 45992 | AA79: =DAY(Tabla1[F. INICIO]) -> 1 | AB79: =TEXT(' En tramite 23-26'!$Z79,"mmmm") -> diciembre | AC79: =YEAR(' En tramite 23-26'!$Z79) -> 2025 | AD79: SI | AE79: 2 | AF79: 45992 | AG79: SI | AH79: 2 | AI79: 45992 | AJ79: =DAY(' En tramite 23-26'!$AI79) -> 1 | AK79: =TEXT(' En tramite 23-26'!$AI79,"mmmm") -> diciembre | AL79: =YEAR(' En tramite 23-26'!$Z79) -> 2025 | AM79: SI | AN79: 2 | AO79: 45992 | AP79: SI | AQ79: 2 | AR79: 46037 | AS79: =' En tramite 23-26'!$AI79+45 -> 46037 | AT79: ENTREGADO | AU79: SI | AV79: 2 | AW79: 46099 | AX79: ENTREGADO | AY79: SI | AZ79: 2 | BA79: 46099 | BB79: SI | BC79: 2 | BD79: 46099 | BE79: =DAY(' En tramite 23-26'!$BD79) -> 18 | BF79: =TEXT(' En tramite 23-26'!$BD79,"mmmm") -> marzo | BG79: =YEAR(' En tramite 23-26'!$BD79) -> 2026 | BH79: 1 | BI79: 3 meses 17 días | BJ79: BLOQUE 1 | BK79: P.P.E.C-BLOQUE 1
A80: 077 | B80: 067 | C80: PC06/MATUTINO/067/2026 | D80: ARTEAGA BLAS AXEL ANDRÉ | E80: Arteaga Blas Axel André | F80: 23422070060 143 | G80: 4461165949 | H80: axelarteaga@cecyteq.edu.mx | I80: 5T0-MECA-AMBI | J80: MATUTINO | K80: MECATRÓNICA | L80: CONCLUIDO | M80: CERTIFICACIÓN | N80: CERTIFICACIONES SOLIDWORKS | O80: SECTOR PÚBLICO | P80: CERTIFICACIÓN | Q80: 4423622063 | R80: AV. CANDILES 317., VALLE REAL RECIDENCIAL C.P.76903 CANDILES QRO. | S80: e.armendariz@cecyteq.edu.mx | T80: 23-26 | U80: HOMBRE | V80: 1 | W80: N/A | X80: SI | Y80: 2 | Z80: 45992 | AA80: =DAY(Tabla1[F. INICIO]) -> 1 | AB80: =TEXT(' En tramite 23-26'!$Z80,"mmmm") -> diciembre | AC80: =YEAR(' En tramite 23-26'!$Z80) -> 2025 | AD80: SI | AE80: 2 | AF80: 45992 | AG80: SI | AH80: 2 | AI80: 45992 | AJ80: =DAY(' En tramite 23-26'!$AI80) -> 1 | AK80: =TEXT(' En tramite 23-26'!$AI80,"mmmm") -> diciembre | AL80: =YEAR(' En tramite 23-26'!$Z80) -> 2025 | AM80: SI | AN80: 2 | AO80: 45992 | AP80: SI | AQ80: 2 | AR80: 46059 | AS80: =' En tramite 23-26'!$AI80+45 -> 46037 | AT80: ENTREGADO | AU80: SI | AV80: 2 | AW80: 46099 | AX80: ENTREGADO | AY80: SI | AZ80: 2 | BA80: 46160 | BB80: SI | BC80: 2 | BD80: 46099 | BE80: =DAY(' En tramite 23-26'!$BD80) -> 18 | BF80: =TEXT(' En tramite 23-26'!$BD80,"mmmm") -> marzo | BG80: =YEAR(' En tramite 23-26'!$BD80) -> 2026 | BH80: 1 | BI80: 3 meses 17 días | BJ80: BLOQUE 1 | BK80: P.P.E.C-BLOQUE 1
A81: 078 | B81: 068 | C81: PC06/MATUTINO/068/2026 | D81: BAUTISTA RANGEL DANA PAOLA | E81: Bautista Rangel Dana Paola | F81: 23422070060 194 | G81: 4423948436 | H81: danabautista1@cecyteq.edu.mx | I81: 5T0-MECA-AMBI | J81: MATUTINO | K81: MECATRÓNICA | L81: CONCLUIDO | M81: CERTIFICACIÓN | N81: CERTIFICACIONES SOLIDWORKS | O81: SECTOR PÚBLICO | P81: CERTIFICACIÓN | Q81: 4423622063 | R81: AV. CANDILES 317., VALLE REAL RECIDENCIAL C.P.76903 CANDILES QRO. | S81: e.armendariz@cecyteq.edu.mx | T81: 23-26 | U81: MUJER | V81: 1 | W81: N/A | X81: SI | Y81: 2 | Z81: 45992 | AA81: =DAY(Tabla1[F. INICIO]) -> 1 | AB81: =TEXT(' En tramite 23-26'!$Z81,"mmmm") -> diciembre | AC81: =YEAR(' En tramite 23-26'!$Z81) -> 2025 | AD81: SI | AE81: 2 | AF81: 45992 | AG81: SI | AH81: 2 | AI81: 45992 | AJ81: =DAY(' En tramite 23-26'!$AI81) -> 1 | AK81: =TEXT(' En tramite 23-26'!$AI81,"mmmm") -> diciembre | AL81: =YEAR(' En tramite 23-26'!$Z81) -> 2025 | AM81: SI | AN81: 2 | AO81: 45992 | AP81: SI | AQ81: 2 | AR81: 46037 | AS81: =' En tramite 23-26'!$AI81+45 -> 46037 | AT81: ENTREGADO | AU81: SI | AV81: 2 | AW81: 46099 | AX81: ENTREGADO | AY81: SI | AZ81: 2 | BA81: 46099 | BB81: SI | BC81: 2 | BD81: 46099 | BE81: =DAY(' En tramite 23-26'!$BD81) -> 18 | BF81: =TEXT(' En tramite 23-26'!$BD81,"mmmm") -> marzo | BG81: =YEAR(' En tramite 23-26'!$BD81) -> 2026 | BH81: 1 | BI81: 3 meses 17 días | BJ81: BLOQUE 1 | BK81: P.P.E.C-BLOQUE 1
A82: 079 | B82: 069 | C82: PC06/MATUTINO/069/2026 | D82: AVILA GONZALEZ FATIMA ANDREA | E82: Avila Gonzalez Fatima Andrea | F82: 23422070060 097 | G82: 4461194778 | H82: fatimaavila10@cecyteq.edu.mx | I82: 5T0-LOG-AM | J82: MATUTINO | K82: LOGÍSTICA | L82: CONCLUIDO | M82: EMPRESA | N82: MG SUMINISTROS Y CONSTRUCCIÓN | O82: PEQUEÑAS EMPRESAS | P82: x | Q82: 4422602079 | R82: P. QUERÉTARO N.36 EL ROMERILLA 1 | S82: materiales garcia@grupogazam.com | T82: 23-26 | U82: MUJER | V82: 1 | W82: N/A | X82: SI | Y82: 2 | Z82: 46007 | AA82: =DAY(Tabla1[F. INICIO]) -> 16 | AB82: =TEXT(' En tramite 23-26'!$Z82,"mmmm") -> diciembre | AC82: =YEAR(' En tramite 23-26'!$Z82) -> 2025 | AD82: SI | AE82: 2 | AF82: 46008 | AG82: SI | AH82: 2 | AI82: 46008 | AJ82: =DAY(' En tramite 23-26'!$AI82) -> 17 | AK82: =TEXT(' En tramite 23-26'!$AI82,"mmmm") -> diciembre | AL82: =YEAR(' En tramite 23-26'!$Z82) -> 2025 | AM82: SI | AN82: 2 | AO82: 46008 | AP82: SI | AQ82: 2 | AR82: 46048 | AS82: =' En tramite 23-26'!$AI82+45 -> 46053 | AT82: ENTREGADO | AU82: SI | AV82: 2 | AW82: 46104 | AX82: ENTREGADO | AY82: SI | AZ82: 2 | BA82: 46104 | BB82: SI | BC82: 2 | BD82: 46104 | BE82: =DAY(' En tramite 23-26'!$BD82) -> 23 | BF82: =TEXT(' En tramite 23-26'!$BD82,"mmmm") -> marzo | BG82: =YEAR(' En tramite 23-26'!$BD82) -> 2026 | BH82: 1 | BI82: 3 meses y 6 días | BJ82: BLOQUE 1 | BK82: P.P.E.C-BLOQUE 1
A83: 080 | D83: CASTILLO RANGEL DAVID | E83: Castillo Rangel David | F83: 23422070060 196 | G83: 4422820287 | H83: davidcastillo1@cecyteq.edu.mx | I83: 5T0-MECA-AMBI | J83: MATUTINO | K83: MECATRÓNICA | L83: CONCLUIDO | M83: CERTIFICACIÓN | N83: SOLIDWORKS | O83: SECTOR PÚBLICO | P83: CERTIFICACIÓN | Q83: 4423622063 | R83: AV. CANDILES 317., VALLE REAL RECIDENCIAL C.P.76903 CANDILES QRO. | S83: e.armendariz@cecyteq.edu.mx | T83: 23-26 | U83: HOMBRE | V83: 1 | W83: N/A | X83: SI | Y83: 2 | Z83: 45992 | AA83: =DAY(Tabla1[F. INICIO]) -> 1 | AB83: =TEXT(' En tramite 23-26'!$Z83,"mmmm") -> diciembre | AC83: =YEAR(' En tramite 23-26'!$Z83) -> 2025 | AD83: SI | AE83: 2 | AF83: 45992 | AG83: SI | AH83: 2 | AI83: 45992 | AJ83: =DAY(' En tramite 23-26'!$AI83) -> 1 | AK83: =TEXT(' En tramite 23-26'!$AI83,"mmmm") -> diciembre | AL83: =YEAR(' En tramite 23-26'!$Z83) -> 2025 | AM83: SI | AN83: 2 | AO83: 45992 | AP83: SI | AQ83: 2 | AR83: 46037 | AS83: =' En tramite 23-26'!$AI83+45 -> 46037 | AT83: ENTREGADO | AU83: SI | AV83: 2 | AW83: 46099 | AX83: ENTREGADO | AY83: SI | AZ83: 2 | BA83: 46099 | BB83: SI | BC83: 2 | BD83: 46099 | BE83: =DAY(' En tramite 23-26'!$BD83) -> 18 | BF83: =TEXT(' En tramite 23-26'!$BD83,"mmmm") -> marzo | BG83: =YEAR(' En tramite 23-26'!$BD83) -> 2026 | BJ83: BLOQUE 2 | BK83: P.P.E.C-BLOQUE 1-2
A84: 081 | B84: 070 | C84: PC06/MATUTINO/070/2026 | D84: LOPÉZ NOLASCO LUIS EDUARDO | E84: Lopéz Nolasco Luis Eduardo | F84: 23422070060 211 | G84: 4427202315 | H84: luisamador24@cecyteq.edu.mx | I84: 5T0-MECA-AMBI | J84: MATUTINO | K84: MECATRÓNICA | L84: CONCLUIDO | M84: CERTIFICACIÓN | N84: CERTIFICACIONES SOLIDWORKS | O84: SECTOR PÚBLICO | P84: CERTIFICACIÓN | Q84: 4423622063 | R84: AV. CANDILES 317., VALLE REAL RECIDENCIAL C.P.76903 CANDILES QRO. | S84: e.armendariz@cecyteq.edu.mx | T84: 23-26 | U84: HOMBRE | V84: 1 | W84: N/A | X84: SI | Y84: 2 | Z84: 45992 | AA84: =DAY(Tabla1[F. INICIO]) -> 1 | AB84: =TEXT(' En tramite 23-26'!$Z84,"mmmm") -> diciembre | AC84: =YEAR(' En tramite 23-26'!$Z84) -> 2025 | AD84: SI | AE84: 2 | AF84: 45992 | AG84: SI | AH84: 2 | AI84: 45992 | AJ84: =DAY(' En tramite 23-26'!$AI84) -> 1 | AK84: =TEXT(' En tramite 23-26'!$AI84,"mmmm") -> diciembre | AL84: =YEAR(' En tramite 23-26'!$Z84) -> 2025 | AM84: SI | AN84: 2 | AO84: 45992 | AP84: SI | AQ84: 2 | AR84: 46059 | AS84: =' En tramite 23-26'!$AI84+45 -> 46037 | AT84: ENTREGADO | AU84: SI | AV84: 2 | AW84: 46129 | AX84: ENTREGADO | AY84: SI | AZ84: 2 | BA84: 46129 | BB84: SI | BC84: 2 | BD84: 46129 | BE84: =DAY(' En tramite 23-26'!$BD84) -> 17 | BF84: =TEXT(' En tramite 23-26'!$BD84,"mmmm") -> abril | BG84: =YEAR(' En tramite 23-26'!$BD84) -> 2026 | BH84: 1 | BI84: 4 meses y 16 días | BJ84: BLOQUE 1 | BK84: P.P.E.C-BLOQUE 1
A85: 082 | B85: 071 | C85: PC06/MATUTINO/071/2026 | D85: RESÉNDIZ MAYA NAOMI | E85: Reséndiz Maya Naomi | F85: 23422070060 576 | G85: 4422373047 | H85: naomiresendiz@cecyteq.edu.mx | I85: 5T0-MECA-AMBI | J85: MATUTINO | K85: MECATRÓNICA | L85: CONCLUIDO | M85: CERTIFICACIÓN | N85: CERTIFICACIONES SOLIDWORKS | O85: SECTOR PÚBLICO | P85: CERTIFICACIÓN | Q85: 4423622063 | R85: AV. CANDILES 317., VALLE REAL RECIDENCIAL C.P.76903 CANDILES QRO. | S85: e.armendariz@cecyteq.edu.mx | T85: 23-26 | U85: MUJER | V85: 1 | W85: N/A | X85: SI | Y85: 2 | Z85: 45992 | AA85: =DAY(Tabla1[F. INICIO]) -> 1 | AB85: =TEXT(' En tramite 23-26'!$Z85,"mmmm") -> diciembre | AC85: =YEAR(' En tramite 23-26'!$Z85) -> 2025 | AD85: SI | AE85: 2 | AF85: 45992 | AG85: SI | AH85: 2 | AI85: 45992 | AJ85: =DAY(' En tramite 23-26'!$AI85) -> 1 | AK85: =TEXT(' En tramite 23-26'!$AI85,"mmmm") -> diciembre | AL85: =YEAR(' En tramite 23-26'!$Z85) -> 2025 | AM85: SI | AN85: 2 | AO85: 45992 | AP85: SI | AQ85: 2 | AR85: 46037 | AS85: =' En tramite 23-26'!$AI85+45 -> 46037 | AT85: ENTREGADO | AU85: SI | AV85: 2 | AW85: 46099 | AX85: ENTREGADO | AY85: SI | AZ85: 2 | BA85: 46099 | BB85: SI | BC85: 2 | BD85: 46099 | BE85: =DAY(' En tramite 23-26'!$BD85) -> 18 | BF85: =TEXT(' En tramite 23-26'!$BD85,"mmmm") -> marzo | BG85: =YEAR(' En tramite 23-26'!$BD85) -> 2026 | BH85: 1 | BI85: 3 meses y 17 días. | BJ85: BLOQUE 1 | BK85: P.P.E.C-BLOQUE 1
A86: 083 | B86: 072 | C86: PC06/VESPERTINO/072/2026 | D86: GARCIA MORALES SAUL | E86: Garcia Morales Saul | F86: 23422070060 295 | G86: 4428170160 | H86: saulgarcia58@cecyteq.edu.mx | I86: 5T0-MECA-AV | J86: VESPERTINO | K86: MECATRÓNICA | L86: CONCLUIDO | M86: EMPRESA | N86: MANTENIMIENTO TOTAL | O86: PEQUEÑAS EMPRESAS | P86: x | Q86: N/A | R86: PROLONGACIÓN FRAY SEBASTIAN DE GALLEGOS 160 | S86: zamoramarco13@gmail.com | T86: 23-26 | U86: HOMBRE | V86: 1 | W86: N/A | X86: SI | Y86: 2 | Z86: 46008 | AA86: =DAY(Tabla1[F. INICIO]) -> 17 | AB86: =TEXT(' En tramite 23-26'!$Z86,"mmmm") -> diciembre | AC86: =YEAR(' En tramite 23-26'!$Z86) -> 2025 | AD86: SI | AE86: 2 | AF86: 46008 | AG86: SI | AH86: 2 | AI86: 46013 | AJ86: =DAY(' En tramite 23-26'!$AI86) -> 22 | AK86: =TEXT(' En tramite 23-26'!$AI86,"mmmm") -> diciembre | AL86: =YEAR(' En tramite 23-26'!$Z86) -> 2025 | AM86: SI | AN86: 2 | AO86: 46378 | AP86: SI | AQ86: 2 | AR86: 46049 | AS86: =' En tramite 23-26'!$AI86+45 -> 46058 | AT86: ENTREGADO | AU86: SI | AV86: 2 | AW86: 46097 | AX86: ENTREGADO | AY86: SI | AZ86: 2 | BA86: 46097 | BB86: SI | BC86: 2 | BD86: 46097 | BE86: =DAY(' En tramite 23-26'!$BD86) -> 16 | BF86: =TEXT(' En tramite 23-26'!$BD86,"mmmm") -> marzo | BG86: =YEAR(' En tramite 23-26'!$BD86) -> 2026 | BH86: 1 | BI86: 2 meses 22 días | BJ86: BLOQUE 1 | BK86: P.P.E.C-BLOQUE 1
A87: 084 | B87: 073 | C87: PC06/MATUTINO/073/2026 | D87: JUÁREZ LAUREL MARÍA JOSÉ | E87: Juárez Laurel María José | F87: 23422070060 207 | G87: 4426614086 | H87: mariajuarez164@cecyteq.edu.mx | I87: 5T0-MECA-AMBI | J87: MATUTINO | K87: MECATRÓNICA | L87: CONCLUIDO | M87: CERTIFICACIÓN | N87: CERTIFICACIONES SOLIDWORKS | O87: SECTOR PÚBLICO | P87: CERTIFICACIÓN | Q87: 4423622063 | R87: AV. CANDILES 317., VALLE REAL RECIDENCIAL C.P.76903 CANDILES QRO. | S87: e.armendariz@cecyteq.edu.mx | T87: 23-26 | U87: MUJER | V87: 1 | W87: N/A | X87: SI | Y87: 2 | Z87: 45992 | AA87: =DAY(Tabla1[F. INICIO]) -> 1 | AB87: =TEXT(' En tramite 23-26'!$Z87,"mmmm") -> diciembre | AC87: =YEAR(' En tramite 23-26'!$Z87) -> 2025 | AD87: SI | AE87: 2 | AF87: 45992 | AG87: SI | AH87: 2 | AI87: 45992 | AJ87: =DAY(' En tramite 23-26'!$AI87) -> 1 | AK87: =TEXT(' En tramite 23-26'!$AI87,"mmmm") -> diciembre | AL87: =YEAR(' En tramite 23-26'!$Z87) -> 2025 | AM87: SI | AN87: 2 | AO87: 45992 | AP87: SI | AQ87: 2 | AR87: 01/02/026 | AS87: =' En tramite 23-26'!$AI87+45 -> 46037 | AT87: ENTREGADO | AU87: SI | AV87: 2 | AW87: 46099 | AX87: ENTREGADO | AY87: SI | AZ87: 2 | BA87: 46099 | BB87: SI | BC87: 2 | BD87: 46099 | BE87: =DAY(' En tramite 23-26'!$BD87) -> 18 | BF87: =TEXT(' En tramite 23-26'!$BD87,"mmmm") -> marzo | BG87: =YEAR(' En tramite 23-26'!$BD87) -> 2026 | BH87: 1 | BI87: 3 meses y 17 días. | BJ87: BLOQUE 1 | BK87: P.P.E.C-BLOQUE 1 | BL87: 46237 | BM87: 2
A88: 085 | B88: 074 | C88: PC06/MATUTINO/074/2026 | D88: SÁNCHEZ DI BELLA YUNUÉN | E88: Sánchez Di Bella Yunuén | F88: 23422070060 222 | G88: 4421978533 | H88: yunuensanchez1@cecyteq.edu.mx | I88: 5T0-MECA-AMBI | J88: MATUTINO | K88: MECATRÓNICA | L88: CONCLUIDO | M88: CERTIFICACIÓN | N88: CERTIFICACIONES SOLIDWORKS | O88: SECTOR PÚBLICO | P88: CERTIFICACIÓN | Q88: 4423622063 | R88: AV. CANDILES 317., VALLE REAL RECIDENCIAL C.P.76903 CANDILES QRO. | S88: e.armendariz@cecyteq.edu.mx | T88: 23-26 | U88: MUJER | V88: 1 | W88: N/A | X88: SI | Y88: 2 | Z88: 45992 | AA88: =DAY(Tabla1[F. INICIO]) -> 1 | AB88: =TEXT(' En tramite 23-26'!$Z88,"mmmm") -> diciembre | AC88: =YEAR(' En tramite 23-26'!$Z88) -> 2025 | AD88: SI | AE88: 2 | AF88: 45992 | AG88: SI | AH88: 2 | AI88: 45992 | AJ88: =DAY(' En tramite 23-26'!$AI88) -> 1 | AK88: =TEXT(' En tramite 23-26'!$AI88,"mmmm") -> diciembre | AL88: =YEAR(' En tramite 23-26'!$Z88) -> 2025 | AM88: SI | AN88: 2 | AO88: 45992 | AP88: SI | AQ88: 2 | AR88: 46037 | AS88: =' En tramite 23-26'!$AI88+45 -> 46037 | AT88: ENTREGADO | AU88: SI | AV88: 2 | AW88: 46099 | AX88: ENTREGADO | AY88: SI | AZ88: 2 | BA88: 46099 | BB88: SI | BC88: 2 | BD88: 46099 | BE88: =DAY(' En tramite 23-26'!$BD88) -> 18 | BF88: =TEXT(' En tramite 23-26'!$BD88,"mmmm") -> marzo | BG88: =YEAR(' En tramite 23-26'!$BD88) -> 2026 | BH88: 1 | BI88: 3 meses y 17 días. | BJ88: BLOQUE 1 | BK88: P.P.E.C-BLOQUE 1
A89: 086 | B89: 075 | C89: PC06/MATUTINO/075/2026 | D89: TREJO BALOSTRO ANA SOFÍA | E89: Trejo Balostro Ana Sofía | F89: 23422070060 472 | G89: 4421395809 | H89: anatrejo25@cecyteq.edu.mx | I89: 5T0-PGA-AM | J89: MATUTINO | K89: PROCESOS DE GESTIÓN ADMINISTRATIVA | L89: CONCLUIDO | M89: EMPRESA | N89: DESAZOLVES VANGUARDIA | O89: MICROEMPRESAS | P89: x | Q89: 4421075503 | R89: JOSEFA ORTIZ DE DOMINGUEZ 105 | S89: contacto@desazolvesvanguardia.com | T89: 23-26 | U89: MUJER | V89: 1 | W89: N/A | X89: SI | Y89: 2 | Z89: 46076 | AA89: =DAY(Tabla1[F. INICIO]) -> 23 | AB89: =TEXT(' En tramite 23-26'!$Z89,"mmmm") -> febrero | AC89: =YEAR(' En tramite 23-26'!$Z89) -> 2026 | AD89: SI | AE89: 2 | AF89: 46077 | AG89: SI | AH89: 2 | AI89: 46034 | AJ89: =DAY(' En tramite 23-26'!$AI89) -> 12 | AK89: =TEXT(' En tramite 23-26'!$AI89,"mmmm") -> enero | AL89: =YEAR(' En tramite 23-26'!$Z89) -> 2026 | AM89: SI | AN89: 2 | AO89: 46034 | AP89: SI | AQ89: 2 | AR89: 46077 | AS89: =' En tramite 23-26'!$AI89+45 -> 46079 | AT89: ENTREGADO | AU89: SI | AV89: 2 | AW89: 46125 | AX89: ENTREGADO | AY89: SI | AZ89: 2 | BA89: 46125 | BB89: SI | BC89: 2 | BD89: 46125 | BE89: =DAY(' En tramite 23-26'!$BD89) -> 13 | BF89: =TEXT(' En tramite 23-26'!$BD89,"mmmm") -> abril | BG89: =YEAR(' En tramite 23-26'!$BD89) -> 2026 | BH89: 1 | BI89: 3 meses y 1 día. | BJ89: BLOQUE 1 | BK89: P.P.E.C-BLOQUE 1
A90: 087 | B90: 076 | C90: PC06/MATUTINO/076/2026 | D90: MIRANDA MENDOZA CARLOS YAIR | E90: Miranda Mendoza Carlos Yair | F90: 23422070060 216 | G90: 4422695428 | H90: carlosmiranda20@cecyteq.edu.mx | I90: 5T0-MECA-AMBI | J90: MATUTINO | K90: MECATRÓNICA | L90: CONCLUIDO | M90: CERTIFICACIÓN | N90: CERTIFICACIONES SOLIDWORKS | O90: SECTOR PÚBLICO | P90: CERTIFICACIÓN | Q90: 4423622063 | R90: AV. CANDILES 317., VALLE REAL RECIDENCIAL C.P.76903 CANDILES QRO. | S90: e.armendariz@cecyteq.edu.mx | T90: 23-26 | U90: MUJER | V90: 1 | W90: N/A | X90: SI | Y90: 2 | Z90: 45992 | AA90: =DAY(Tabla1[F. INICIO]) -> 1 | AB90: =TEXT(' En tramite 23-26'!$Z90,"mmmm") -> diciembre | AC90: =YEAR(' En tramite 23-26'!$Z90) -> 2025 | AD90: SI | AE90: 2 | AF90: 45992 | AG90: SI | AH90: 2 | AI90: 45992 | AJ90: =DAY(' En tramite 23-26'!$AI90) -> 1 | AK90: =TEXT(' En tramite 23-26'!$AI90,"mmmm") -> diciembre | AL90: =YEAR(' En tramite 23-26'!$Z90) -> 2025 | AM90: SI | AN90: 2 | AO90: 45992 | AP90: NO | AQ90: 2 | AR90: 46037 | AS90: =' En tramite 23-26'!$AI90+45 -> 46037 | AT90: ENTREGADO | AU90: SI | AV90: 2 | AW90: 46099 | AX90: ENTREGADO | AY90: SI | AZ90: 2 | BA90: 46099 | BB90: SI | BC90: 2 | BD90: 46099 | BE90: =DAY(' En tramite 23-26'!$BD90) -> 18 | BF90: =TEXT(' En tramite 23-26'!$BD90,"mmmm") -> marzo | BG90: =YEAR(' En tramite 23-26'!$BD90) -> 2026 | BH90: 1 | BI90: 3 meses y 17 días. | BJ90: BLOQUE 1 | BK90: P.P.E.C-BLOQUE 1
A91: 088 | D91: MARCIAL VELÁZQUEZ GERARDO ISAAC | E91: Marcial Velázquez Gerardo Isaac | F91: 23422070060 212 | G91: 5654931821 | H91: gerardomarcial@cecyteq.edu.mx | I91: 5T0-MECA-AMBI | J91: MATUTINO | K91: MECATRÓNICA | L91: EN TRAMITE | M91: CERTIFICACIÓN | N91: SOLIDWORKS | O91: SECTOR PÚBLICO | P91: CERTIFICACIÓN | Q91: 4423622063 | R91: AV. CANDILES 317., VALLE REAL RECIDENCIAL C.P.76903 CANDILES QRO. | S91: e.armendariz@cecyteq.edu.mx | T91: 23-26 | U91: HOMBRE | V91: 1 | W91: N/A | X91: SI | Y91: 2 | Z91: 45992 | AA91: =DAY(Tabla1[F. INICIO]) -> 1 | AB91: =TEXT(' En tramite 23-26'!$Z91,"mmmm") -> diciembre | AC91: =YEAR(' En tramite 23-26'!$Z91) -> 2025 | AD91: SI | AE91: 2 | AF91: 45992 | AG91: SI | AH91: 2 | AI91: 45992 | AJ91: =DAY(' En tramite 23-26'!$AI91) -> 1 | AK91: =TEXT(' En tramite 23-26'!$AI91,"mmmm") -> diciembre | AL91: =YEAR(' En tramite 23-26'!$Z91) -> 2025 | AM91: SI | AN91: 2 | AO91: 45992 | AP91: SI | AQ91: 2 | AR91: 46037 | AS91: =' En tramite 23-26'!$AI91+45 -> 46037 | AT91: ENTREGADO | AU91: SI | AV91: 2 | AW91: 46129 | AX91: ENTREGADO | AY91: SI | AZ91: 2 | BA91: 46129 | BB91: SI | BC91: 2 | BD91: 46129 | BE91: =DAY(' En tramite 23-26'!$BD91) -> 17 | BF91: =TEXT(' En tramite 23-26'!$BD91,"mmmm") -> abril | BG91: =YEAR(' En tramite 23-26'!$BD91) -> 2026 | BJ91: BLOQUE 2 | BK91: P.P.E.C-BLOQUE 1-2
A92: 089 | D92: LEDEZMA IBARRA ENRIQUE EMILIANO | E92: Ledezma Ibarra Enrique Emiliano | F92: 23422070060 208 | G92: 4464078908 | H92: enriqueledezma@cecyteq.edu.mx | I92: 5T0-MECA-AMBI | J92: MATUTINO | K92: MECATRÓNICA | L92: EN TRAMITE | M92: CERTIFICACIÓN | N92: SOLIDWORKS | O92: SECTOR PÚBLICO | P92: CERTIFICACIÓN | Q92: 4423622063 | R92: AV. CANDILES 317., VALLE REAL RECIDENCIAL C.P.76903 CANDILES QRO. | S92: e.armendariz@cecyteq.edu.mx | T92: 23-26 | U92: HOMBRE | V92: 1 | W92: N/A | X92: SI | Y92: 2 | Z92: 45992 | AA92: =DAY(Tabla1[F. INICIO]) -> 1 | AB92: =TEXT(' En tramite 23-26'!$Z92,"mmmm") -> diciembre | AC92: =YEAR(' En tramite 23-26'!$Z92) -> 2025 | AD92: SI | AE92: 2 | AF92: 45992 | AG92: SI | AH92: 2 | AI92: 45992 | AJ92: =DAY(' En tramite 23-26'!$AI92) -> 1 | AK92: =TEXT(' En tramite 23-26'!$AI92,"mmmm") -> diciembre | AL92: =YEAR(' En tramite 23-26'!$Z92) -> 2025 | AM92: SI | AN92: 2 | AO92: 45992 | AP92: NO | AQ92: 0 | AS92: =' En tramite 23-26'!$AI92+45 -> 46037 | AW92: =' En tramite 23-26'!$AS92+45 -> 46082 | BE92: =DAY(' En tramite 23-26'!$BD92) -> 30 | BF92: =TEXT(' En tramite 23-26'!$BD92,"mmmm") -> diciembre | BG92: =YEAR(' En tramite 23-26'!$BD92) -> 1899
A93: 090 | D93: MARTINEZ DIAZ SALVADOR | E93: Martinez Diaz Salvador | F93: 23422070060 214 | G93: 4428716370 | H93: salvadormartinez23@cecyteq.edu.mx | I93: 5T0-MECA-AMBI | J93: MATUTINO | K93: MECATRÓNICA | L93: EN TRAMITE | M93: CERTIFICACIÓN | N93: SOLIDWORKS | O93: SECTOR PÚBLICO | P93: CERTIFICACIÓN | Q93: 4423622063 | R93: AV. CANDILES 317., VALLE REAL RECIDENCIAL C.P.76903 CANDILES QRO. | S93: e.armendariz@cecyteq.edu.mx | T93: 23-26 | U93: MUJER | V93: 1 | W93: N/A | X93: SI | Y93: 2 | Z93: 45992 | AA93: =DAY(Tabla1[F. INICIO]) -> 1 | AB93: =TEXT(' En tramite 23-26'!$Z93,"mmmm") -> diciembre | AC93: =YEAR(' En tramite 23-26'!$Z93) -> 2025 | AD93: SI | AE93: 2 | AF93: 45992 | AG93: NO | AH93: 0 | AJ93: =DAY(' En tramite 23-26'!$AI93) -> 30 | AK93: =TEXT(' En tramite 23-26'!$AI93,"mmmm") -> diciembre | AL93: =YEAR(' En tramite 23-26'!$Z93) -> 2025 | AS93: =' En tramite 23-26'!$AI93+45 -> 45 | AW93: =' En tramite 23-26'!$AS93+45 -> 90 | BE93: =DAY(' En tramite 23-26'!$BD93) -> 30 | BF93: =TEXT(' En tramite 23-26'!$BD93,"mmmm") -> diciembre | BG93: =YEAR(' En tramite 23-26'!$BD93) -> 1899
A94: 091 | B94: 077 | C94: PC06/MATUTINO/077/2026 | D94: TRUJILLO BLANCO DANTE ALEXANDER | E94: Trujillo Blanco Dante Alexander | F94: 23422070060 225 | G94: 5586797415 | H94: dantetrujillo@cecyteq.edu.mx | I94: 5T0-MECA-AMBI | J94: MATUTINO | K94: MECATRÓNICA | L94: CONCLUIDO | M94: CERTIFICACIÓN | N94: CERTIFICACIONES SOLIDWORKS | O94: SECTOR PÚBLICO | P94: CERTIFICACIÓN | Q94: 4423622063 | R94: AV. CANDILES 317., VALLE REAL RECIDENCIAL C.P.76903 CANDILES QRO. | S94: e.armendariz@cecyteq.edu.mx | T94: 23-26 | U94: MUJER | V94: 1 | W94: N/A | X94: SI | Y94: 2 | Z94: 45992 | AA94: =DAY(Tabla1[F. INICIO]) -> 1 | AB94: =TEXT(' En tramite 23-26'!$Z94,"mmmm") -> diciembre | AC94: =YEAR(' En tramite 23-26'!$Z94) -> 2025 | AD94: SI | AE94: 2 | AF94: 45992 | AG94: SI | AH94: 2 | AI94: 45992 | AJ94: =DAY(' En tramite 23-26'!$AI94) -> 1 | AK94: =TEXT(' En tramite 23-26'!$AI94,"mmmm") -> diciembre | AL94: =YEAR(' En tramite 23-26'!$Z94) -> 2025 | AM94: SI | AN94: 2 | AO94: 45992 | AP94: SI | AQ94: 2 | AR94: 46047 | AS94: =' En tramite 23-26'!$AI94+45 -> 46037 | AT94: ENTREGADO | AU94: SI | AV94: 2 | AW94: =' En tramite 23-26'!$AS94+45 -> 46082 | AX94: ENTREGADO | AY94: SI | AZ94: 2 | BA94: 46099 | BB94: SI | BC94: 2 | BD94: 46099 | BE94: =DAY(' En tramite 23-26'!$BD94) -> 18 | BF94: =TEXT(' En tramite 23-26'!$BD94,"mmmm") -> marzo | BG94: =YEAR(' En tramite 23-26'!$BD94) -> 2026 | BH94: 1 | BI94: 3 meses y 17 días. | BJ94: BLOQUE 1 | BK94: P.P.E.C-BLOQUE 1 | BL94: 46238 | BM94: 2
A95: 092 | B95: 078 | C95: PC06/VESPERTINO/078/2026 | D95: GOMES MOYA DIANA KAREN | E95: Gomes Moya Diana Karen | F95: 23422070060 061 | G95: 4461273886 | H95: a | I95: 6T0-BIO-AV | J95: VESPERTINO | K95: BIOTECNOLOGÍA | L95: CONCLUIDO | M95: EMPRESA | N95: CASA YOTO COMUNIDAD DE APRENDIZAJE | O95: MICROEMPRESAS | P95: x | Q95: 4422851734 | R95: SAUCE NO.43 LOS OLVERA | S95: fertilsuelo@gmail.com | T95: 23-26 | U95: MUJER | V95: 1 | W95: N/A | X95: SI | Y95: 2 | Z95: 46034 | AA95: =DAY(Tabla1[F. INICIO]) -> 12 | AB95: =TEXT(' En tramite 23-26'!$Z95,"mmmm") -> enero | AC95: =YEAR(' En tramite 23-26'!$Z95) -> 2026 | AD95: SI | AE95: 2 | AF95: 46034 | AG95: SI | AH95: 2 | AI95: 46042 | AJ95: =DAY(' En tramite 23-26'!$AI95) -> 20 | AK95: =TEXT(' En tramite 23-26'!$AI95,"mmmm") -> enero | AL95: =YEAR(' En tramite 23-26'!$Z95) -> 2026 | AM95: SI | AN95: 2 | AO95: 46042 | AP95: SI | AQ95: 2 | AR95: 46101 | AS95: =' En tramite 23-26'!$AI95+45 -> 46087 | AT95: ENTREGADO | AU95: SI | AV95: 2 | AW95: =' En tramite 23-26'!$AS95+45 -> 46132 | AX95: ENTREGADO | AY95: SI | AZ95: 2 | BA95: 46132 | BB95: SI | BC95: 2 | BD95: 46132 | BE95: =DAY(' En tramite 23-26'!$BD95) -> 20 | BF95: =TEXT(' En tramite 23-26'!$BD95,"mmmm") -> abril | BG95: =YEAR(' En tramite 23-26'!$BD95) -> 2026 | BH95: 1 | BI95: 3 meses y 0 días | BJ95: BLOQUE 1 | BK95: P.P.E.C-BLOQUE 1
A96: 093 | D96: NAVARRO SERNA AZUL | E96: Navarro Serna Azul | F96: 23422070060 075 | G96: 4424895084 | H96: azulnavarroserna@gmail.com | I96: 6T0-BIO-AV | J96: VESPERTINO | K96: BIOTECNOLOGÍA | L96: EN TRAMITE | M96: EMPRESA | N96: SUELO FERTIL EDUCACIÓN PARA LA SUSTENTABILIDAD A.C. | O96: MICROEMPRESAS | P96: x | Q96: 4422851734 | R96: SAUCE NO.43 LOS OLVERA | S96: fertilsuelo@gmail.com | T96: 23-26 | U96: MUJER | V96: 0 | X96: SI | Y96: 2 | Z96: 46034 | AA96: =DAY(Tabla1[F. INICIO]) -> 12 | AB96: =TEXT(' En tramite 23-26'!$Z96,"mmmm") -> enero | AC96: =YEAR(' En tramite 23-26'!$Z96) -> 2026 | AD96: SI | AE96: 2 | AF96: 46034 | AG96: NO | AH96: 0 | AI96: =' En tramite 23-26'!$AI96 -> #REF! | AJ96: =DAY(' En tramite 23-26'!$AI96) -> #REF! | AK96: =TEXT(' En tramite 23-26'!$AI96,"mmmm") -> #REF! | AL96: =YEAR(' En tramite 23-26'!$Z96) -> 2026 | AS96: =' En tramite 23-26'!$AI96+45 -> #REF! | AW96: =' En tramite 23-26'!$AS96+45 -> #REF! | BE96: =DAY(' En tramite 23-26'!$BD96) -> 30 | BF96: =TEXT(' En tramite 23-26'!$BD96,"mmmm") -> diciembre | BG96: =YEAR(' En tramite 23-26'!$BD96) -> 1899
A97: 094 | B97: 079 | C97: PC06/VESPERTINO/079/2026 | D97: MOYA RAMIREZ TAMARA | E97: Moya Ramirez Tamara | F97: 23422070060 074 | G97: 4428495361 | H97: tamaramoya@cecyteq.edu.mx | I97: 6T0-BIO-AV | J97: VESPERTINO | K97: BIOTECNOLOGÍA | L97: CONCLUIDO | M97: EMPRESA | N97: CASA YOTO COMUNIDAD DE APRENDIZAJE | O97: MICROEMPRESAS | P97: x | Q97: 4422851734 | R97: SAUCE NO.43 LOS OLVERA | S97: fertilsuelo@gmail.com | T97: 23-26 | U97: MUJER | V97: 1 | W97: N/A | X97: SI | Y97: 2 | Z97: 46034 | AA97: =DAY(Tabla1[F. INICIO]) -> 12 | AB97: =TEXT(' En tramite 23-26'!$Z97,"mmmm") -> enero | AC97: =YEAR(' En tramite 23-26'!$Z97) -> 2026 | AD97: SI | AE97: 2 | AF97: 46034 | AG97: SI | AH97: 2 | AI97: 46042 | AJ97: =DAY(' En tramite 23-26'!$AI97) -> 20 | AK97: =TEXT(' En tramite 23-26'!$AI97,"mmmm") -> enero | AL97: =YEAR(' En tramite 23-26'!$Z97) -> 2026 | AM97: SI | AN97: 2 | AO97: 44946 | AP97: SI | AQ97: 2 | AR97: 46101 | AS97: =' En tramite 23-26'!$AI97+45 -> 46087 | AT97: ENTREGADO | AU97: SI | AV97: 2 | AW97: =' En tramite 23-26'!$AS97+45 -> 46132 | AX97: ENTREGADO | AY97: SI | AZ97: 2 | BA97: 46132 | BB97: SI | BC97: 2 | BD97: 46132 | BE97: =DAY(' En tramite 23-26'!$BD97) -> 20 | BF97: =TEXT(' En tramite 23-26'!$BD97,"mmmm") -> abril | BG97: =YEAR(' En tramite 23-26'!$BD97) -> 2026 | BH97: 1 | BI97: 3 meses y 0 días | BJ97: BLOQUE 1 | BK97: P.P.E.C-BLOQUE 1
A98: 095 | B98: 080 | C98: PC06/MATUTINO/080/2026 | D98: BECERRIL VELAZCO SCHOENSTATT DENISE | E98: Becerril Velazco Schoenstatt Denise | F98: 23422070060 010 | G98: 4428324908 | H98: schoenstattbecerril@cecyteq.edu.mx | I98: 6T0-BIO-AM | J98: MATUTINO | K98: BIOTECNOLOGÍA | L98: CONCLUIDO | M98: INSTITUCIÓN | N98: ESCUELA SECUENDARIA GENERAL No.4 BENITO JUÁREZ | O98: SECTOR PÚBLICO | P98: x | Q98: 4422091316 | R98: CALLE 37 S/N LOMAS DE CASA BLANCA | S98: 22des0014e@Usebeq.edu.mx | T98: 23-26 | U98: MUJER | V98: 3 | W98: 500 | X98: SI | Y98: 2 | Z98: 46035 | AA98: =DAY(Tabla1[F. INICIO]) -> 13 | AB98: =TEXT(' En tramite 23-26'!$Z98,"mmmm") -> enero | AC98: =YEAR(' En tramite 23-26'!$Z98) -> 2026 | AD98: SI | AE98: 2 | AF98: 46035 | AG98: SI | AH98: 2 | AI98: 46041 | AJ98: =DAY(' En tramite 23-26'!$AI98) -> 19 | AK98: =TEXT(' En tramite 23-26'!$AI98,"mmmm") -> enero | AL98: =YEAR(' En tramite 23-26'!$Z98) -> 2026 | AM98: SI | AN98: 2 | AO98: 46041 | AP98: SI | AQ98: 2 | AR98: 46077 | AS98: =' En tramite 23-26'!$AI98+45 -> 46086 | AT98: ENTREGADO | AU98: SI | AV98: 2 | AW98: 46132 | AX98: ENTREGADO | AY98: SI | AZ98: 2 | BA98: 46132 | BB98: SI | BC98: 2 | BD98: 46132 | BE98: =DAY(' En tramite 23-26'!$BD98) -> 20 | BF98: =TEXT(' En tramite 23-26'!$BD98,"mmmm") -> abril | BG98: =YEAR(' En tramite 23-26'!$BD98) -> 2026 | BH98: 1 | BI98: 3 meses y 1 día | BJ98: BLOQUE 1 | BK98: P.P.E.C-BLOQUE 1
A99: 096 | B99: 081 | C99: PC06/MATUTINO/081/2026 | D99: AMÉZQUITA CASTILLO YASMIN YESENIA | E99: Amézquita Castillo Yasmin Yesenia | F99: 23422070060 006 | G99: 4421784239 | H99: yasminamezquita@cecyteq,edu.mx | I99: 6T0-BIO-AM | J99: MATUTINO | K99: BIOTECNOLOGÍA | L99: CONCLUIDO | M99: INSTITUCIÓN | N99: ESCUELA SECUENDARIA GENERAL No.4 BENITO JUÁREZ | O99: SECTOR PÚBLICO | P99: x | Q99: 4422091316 | R99: CALLE 37 S/N LOMAS DE CASA BLANCA | S99: 22des0014e@Usebeq.edu.mx | T99: 23-26 | U99: MUJER | V99: 1 | W99: N/A | X99: SI | Y99: 2 | Z99: 46035 | AA99: =DAY(Tabla1[F. INICIO]) -> 13 | AB99: =TEXT(' En tramite 23-26'!$Z99,"mmmm") -> enero | AC99: =YEAR(' En tramite 23-26'!$Z99) -> 2026 | AD99: SI | AE99: 2 | AF99: 46035 | AG99: SI | AH99: 2 | AI99: 46041 | AJ99: =DAY(' En tramite 23-26'!$AI99) -> 19 | AK99: =TEXT(' En tramite 23-26'!$AI99,"mmmm") -> enero | AL99: =YEAR(' En tramite 23-26'!$Z99) -> 2026 | AM99: SI | AN99: 2 | AO99: 46072 | AP99: SI | AQ99: 2 | AR99: 46077 | AS99: =' En tramite 23-26'!$AI99+45 -> 46086 | AT99: ENTREGADO | AU99: SI | AV99: 2 | AW99: 46134 | AX99: ENTREGADO | AY99: SI | AZ99: 2 | BA99: 46132 | BB99: SI | BC99: 2 | BD99: 46132 | BE99: =DAY(' En tramite 23-26'!$BD99) -> 20 | BF99: =TEXT(' En tramite 23-26'!$BD99,"mmmm") -> abril | BG99: =YEAR(' En tramite 23-26'!$BD99) -> 2026 | BH99: 1 | BI99: 3 meses y 1 día | BJ99: BLOQUE 1 | BK99: P.P.E.C-BLOQUE 1
A100: 097 | B100: 082 | C100: PC06/MATUTINO/082/2026 | D100: CABRERA MORENO JOSSELYN ESTEFANIA | E100: Cabrera Moreno Josselyn Estefania | F100: 23422070060 100 | G100: 4425857425 | H100: josselyncabrera@cecyteq.edu.mx | I100: 6T0-LOG-AM | J100: MATUTINO | K100: LOGÍSTICA | L100: CONCLUIDO | M100: EMPRESA | N100: EMKA MEXICO BESCHLAGTEILE S. DE R.L. DE C.V | O100: PEQUEÑAS EMPRESAS | P100: x | Q100: 4461399768 | R100: AV. DE LA CRUZ 103, PARQUE INDUSTRIAL QUERETARO | S100: f.lopez@emka.mx | T100: 23-26 | U100: MUJER | V100: 1 | W100: N/A | X100: SI | Y100: 2 | Z100: 46038 | AA100: =DAY(Tabla1[F. INICIO]) -> 16 | AB100: =TEXT(' En tramite 23-26'!$Z100,"mmmm") -> enero | AC100: =YEAR(' En tramite 23-26'!$Z100) -> 2026 | AD100: SI | AE100: 2 | AF100: 46038 | AG100: SI | AH100: 2 | AI100: 46042 | AJ100: =DAY(' En tramite 23-26'!$AI100) -> 20 | AK100: =TEXT(' En tramite 23-26'!$AI100,"mmmm") -> enero | AL100: =YEAR(' En tramite 23-26'!$Z100) -> 2026 | AM100: SI | AN100: 2 | AO100: 46042 | AP100: SI | AQ100: 2 | AR100: 46090 | AS100: =' En tramite 23-26'!$AI100+45 -> 46087 | AT100: ENTREGADO | AU100: SI | AV100: 2 | AW100: 46148 | AX100: ENTREGADO | AY100: SI | AZ100: 2 | BA100: 46148 | BB100: SI | BC100: 2 | BD100: 46148 | BE100: =DAY(' En tramite 23-26'!$BD100) -> 6 | BF100: =TEXT(' En tramite 23-26'!$BD100,"mmmm") -> mayo | BG100: =YEAR(' En tramite 23-26'!$BD100) -> 2026 | BH100: 1 | BI100: 3 meses y 16 días | BJ100: BLOQUE 1 | BK100: P.P.E.C-BLOQUE 1
A101: 098 | D101: RICO CASTREJON GABRIELA MIKEL | E101: Rico Castrejon Gabriela Mikel | F101: 23422070060 039 | G101: 4421048330 | H101: gabrielarico3@cecyteq.edu.mx | I101: 6T0-BIO-AM | J101: MATUTINO | K101: BIOTECNOLOGÍA | L101: CONCLUIDO | M101: EMPRESA | N101: LABORATORIO SCHOENSTATT | O101: PEQUEÑAS EMPRESAS | P101: x | Q101: 4424405127 | R101: CAMINO A LOS OLVERA 674 | S101: schoenstattlaboratorio@gmail.com | T101: 23-26 | U101: MUJER | V101: 0 | X101: SI | Y101: 2 | Z101: 46041 | AA101: =DAY(Tabla1[F. INICIO]) -> 19 | AB101: =TEXT(' En tramite 23-26'!$Z101,"mmmm") -> enero | AC101: =YEAR(' En tramite 23-26'!$Z101) -> 2026 | AD101: SI | AE101: 2 | AF101: 46042 | AG101: SI | AH101: 2 | AI101: 46042 | AJ101: =DAY(' En tramite 23-26'!$AI101) -> 20 | AK101: =TEXT(' En tramite 23-26'!$AI101,"mmmm") -> enero | AL101: =YEAR(' En tramite 23-26'!$Z101) -> 2026 | AM101: SI | AN101: 2 | AO101: 46043 | AP101: SI | AQ101: 1 | AR101: 46130 | AS101: =' En tramite 23-26'!$AI101+45 -> 46087 | AT101: ENTREGADO | AU101: SI | AV101: 2 | AW101: 46143 | AX101: ENTREGADO | AY101: SI | AZ101: 2 | BA101: 46143 | BB101: SI | BC101: 2 | BD101: 46143 | BE101: =DAY(' En tramite 23-26'!$BD101) -> 1 | BF101: =TEXT(' En tramite 23-26'!$BD101,"mmmm") -> mayo | BG101: =YEAR(' En tramite 23-26'!$BD101) -> 2026 | BJ101: BLOQUE 2 | BK101: P.P.E.C-BLOQUE 1-2
...
